{
    "training Accuracy": 0.9063719024835506,
    "validation Accuracy": 0.84515780210495,
    "validation l2_reg": 0.0,
    "_runtime": 5088.909401416779,
    "_timestamp": 1552886936.2388694,
    "_step": 2099,
    "m1/W1:0": {
        "_type": "numpy.ndarray",
        "var": 0.04296358302235603,
        "mean": 0.0030344927217811346,
        "min": -0.8378092646598816,
        "max": 0.7369806170463562,
        "10%": -0.2521887242794037,
        "25%": -0.13107992336153984,
        "75%": 0.14031707122921944,
        "90%": 0.2526994973421097,
        "size": 960
    },
    "m1/Variable:0": {
        "_type": "numpy.ndarray",
        "var": 0.8898380398750305,
        "mean": 0.13539639115333557,
        "min": -1.6951985359191895,
        "max": 2.8314430713653564,
        "10%": -1.079436147212982,
        "25%": -0.4094860851764679,
        "75%": 0.793830007314682,
        "90%": 1.2284241676330567,
        "size": 40
    },
    "m1/batch_normalization/gamma:0": {
        "_type": "numpy.ndarray",
        "var": 0.0016805529594421387,
        "mean": 0.9986534118652344,
        "min": 0.9231458306312561,
        "max": 1.1224223375320435,
        "10%": 0.9616792082786559,
        "25%": 0.9714307188987732,
        "75%": 1.0125248432159424,
        "90%": 1.0293488264083863,
        "size": 40
    },
    "m1/batch_normalization/beta:0": {
        "_type": "numpy.ndarray",
        "var": 0.002657609526067972,
        "mean": -0.004079773556441069,
        "min": -0.1232864111661911,
        "max": 0.0983438789844513,
        "10%": -0.06727685183286666,
        "25%": -0.036720285192131996,
        "75%": 0.03601139038801193,
        "90%": 0.04986985549330714,
        "size": 40
    },
    "m1/W2:0": {
        "_type": "numpy.ndarray",
        "var": 0.025128178298473358,
        "mean": -0.006994675844907761,
        "min": -0.4611234962940216,
        "max": 0.36349722743034363,
        "10%": -0.2230138838291168,
        "25%": -0.1286378763616085,
        "75%": 0.11963829956948757,
        "90%": 0.2052349567413331,
        "size": 1600
    },
    "m1/Variable_1:0": {
        "_type": "numpy.ndarray",
        "var": 0.9992896914482117,
        "mean": 0.13994953036308289,
        "min": -1.6753313541412354,
        "max": 2.3453290462493896,
        "10%": -0.9951239824295044,
        "25%": -0.549503892660141,
        "75%": 0.7652526944875717,
        "90%": 1.5993124842643742,
        "size": 40
    },
    "m1/batch_normalization_1/gamma:0": {
        "_type": "numpy.ndarray",
        "var": 0.0018359115347266197,
        "mean": 1.0045617818832397,
        "min": 0.9293702840805054,
        "max": 1.109687089920044,
        "10%": 0.9538491368293762,
        "25%": 0.9691686928272247,
        "75%": 1.0433681309223175,
        "90%": 1.0578646302223205,
        "size": 40
    },
    "m1/batch_normalization_1/beta:0": {
        "_type": "numpy.ndarray",
        "var": 0.002447360660880804,
        "mean": -0.0020182644948363304,
        "min": -0.11294470727443695,
        "max": 0.1167939230799675,
        "10%": -0.058035323396325104,
        "25%": -0.02916189981624484,
        "75%": 0.03274484258145094,
        "90%": 0.056263570860028284,
        "size": 40
    },
    "m1/W3:0": {
        "_type": "numpy.ndarray",
        "var": 0.023964276537299156,
        "mean": 0.0011888581793755293,
        "min": -0.45688512921333313,
        "max": 0.35757318139076233,
        "10%": -0.20614560544490815,
        "25%": -0.11716261319816113,
        "75%": 0.1240291316062212,
        "90%": 0.20812326222658165,
        "size": 1600
    },
    "m1/Variable_2:0": {
        "_type": "numpy.ndarray",
        "var": 1.1084915399551392,
        "mean": -0.012347924523055553,
        "min": -1.8815951347351074,
        "max": 2.7687251567840576,
        "10%": -1.1193717122077942,
        "25%": -0.6989725530147552,
        "75%": 0.5700721144676208,
        "90%": 1.3913401246070862,
        "size": 40
    },
    "m1/batch_normalization_2/gamma:0": {
        "_type": "numpy.ndarray",
        "var": 0.003227775450795889,
        "mean": 1.001650094985962,
        "min": 0.9056963920593262,
        "max": 1.1799392700195312,
        "10%": 0.9397303819656372,
        "25%": 0.9586570113897324,
        "75%": 1.0359225273132324,
        "90%": 1.0739160299301147,
        "size": 40
    },
    "m1/batch_normalization_2/beta:0": {
        "_type": "numpy.ndarray",
        "var": 0.002932052593678236,
        "mean": -0.002672226633876562,
        "min": -0.10869276523590088,
        "max": 0.10741160064935684,
        "10%": -0.08171254768967628,
        "25%": -0.026161970105022192,
        "75%": 0.0414604227989912,
        "90%": 0.06911156326532365,
        "size": 40
    },
    "m1/W4:0": {
        "_type": "numpy.ndarray",
        "var": 0.026153026148676872,
        "mean": -0.000127865670947358,
        "min": -0.47595956921577454,
        "max": 0.4323716163635254,
        "10%": -0.21631425321102143,
        "25%": -0.12484956160187721,
        "75%": 0.13110540807247162,
        "90%": 0.21322916150093082,
        "size": 1600
    },
    "m1/Variable_3:0": {
        "_type": "numpy.ndarray",
        "var": 0.4680449068546295,
        "mean": -0.02110469713807106,
        "min": -1.9287902116775513,
        "max": 1.383406400680542,
        "10%": -0.6751709938049315,
        "25%": -0.5360923260450363,
        "75%": 0.42888234555721283,
        "90%": 0.790383803844452,
        "size": 40
    },
    "m1/batch_normalization_3/gamma:0": {
        "_type": "numpy.ndarray",
        "var": 0.002798894653096795,
        "mean": 1.0152332782745361,
        "min": 0.901096761226654,
        "max": 1.0989177227020264,
        "10%": 0.9304736256599426,
        "25%": 0.9776296019554138,
        "75%": 1.0622751116752625,
        "90%": 1.084495484828949,
        "size": 40
    },
    "m1/batch_normalization_3/beta:0": {
        "_type": "numpy.ndarray",
        "var": 0.002657512668520212,
        "mean": -0.002166555030271411,
        "min": -0.08758477121591568,
        "max": 0.12106075882911682,
        "10%": -0.08089683055877686,
        "25%": -0.04558422137051821,
        "75%": 0.03802578430622816,
        "90%": 0.05990530475974084,
        "size": 40
    },
    "m1/W5:0": {
        "_type": "numpy.ndarray",
        "var": 0.027645479887723923,
        "mean": -0.004353672731667757,
        "min": -0.5539625883102417,
        "max": 0.383582204580307,
        "10%": -0.22853622138500215,
        "25%": -0.1282300241291523,
        "75%": 0.1305907741189003,
        "90%": 0.215524697303772,
        "size": 1600
    },
    "m1/Variable_4:0": {
        "_type": "numpy.ndarray",
        "var": 0.9374227523803711,
        "mean": -0.2676316201686859,
        "min": -2.020803213119507,
        "max": 1.4363892078399658,
        "10%": -1.7123496413230896,
        "25%": -0.9226887226104736,
        "75%": 0.6073006987571716,
        "90%": 0.986830145120621,
        "size": 40
    },
    "m1/batch_normalization_4/gamma:0": {
        "_type": "numpy.ndarray",
        "var": 0.0020631670486181974,
        "mean": 1.1229084730148315,
        "min": 1.0161446332931519,
        "max": 1.2370229959487915,
        "10%": 1.0735841035842897,
        "25%": 1.1007124483585358,
        "75%": 1.1487186253070831,
        "90%": 1.1708486557006836,
        "size": 40
    },
    "m1/batch_normalization_4/beta:0": {
        "_type": "numpy.ndarray",
        "var": 0.0009521549800410867,
        "mean": 0.0015648528933525085,
        "min": -0.03540070354938507,
        "max": 0.032875873148441315,
        "10%": -0.03250253647565842,
        "25%": -0.03212635591626167,
        "75%": 0.032112943939864635,
        "90%": 0.03241205848753452,
        "size": 40
    },
    "m1/W9:0": {
        "_type": "numpy.ndarray",
        "var": 0.08722513169050217,
        "mean": 0.019734445959329605,
        "min": -0.5043410658836365,