{
    "training Accuracy": 0.9085206621934504,
    "validation Accuracy": 0.9028785824775696,
    "validation l2_reg": 0.0,
    "_runtime": 5030.491096735001,
    "_timestamp": 1552967023.5262158,
    "_step": 2099,
    "m1/W1:0": {
        "_type": "numpy.ndarray",
        "var": 0.032017406076192856,
        "mean": -0.007345525547862053,
        "min": -0.7285954356193542,
        "max": 0.8521868586540222,
        "10%": -0.22299934327602386,
        "25%": -0.13475961238145828,
        "75%": 0.1152996364980936,
        "90%": 0.21460774093866355,
        "size": 1440
    },
    "m1/Variable:0": {
        "_type": "numpy.ndarray",
        "var": 1.0994476079940796,
        "mean": 0.4519732594490051,
        "min": -1.389760971069336,
        "max": 3.7226874828338623,
        "10%": -1.0321628808975218,
        "25%": -0.28517527878284454,
        "75%": 0.9368502199649811,
        "90%": 1.7361342191696167,
        "size": 40
    },
    "m1/batch_normalization/gamma:0": {
        "_type": "numpy.ndarray",
        "var": 0.0030472357757389545,
        "mean": 0.9978460073471069,
        "min": 0.9024842977523804,
        "max": 1.124871850013733,
        "10%": 0.9189678728580475,
        "25%": 0.9618010967969894,
        "75%": 1.040570855140686,
        "90%": 1.069977581501007,
        "size": 40
    },
    "m1/batch_normalization/beta:0": {
        "_type": "numpy.ndarray",
        "var": 0.0017837714403867722,
        "mean": -0.004575958009809256,
        "min": -0.0815439447760582,
        "max": 0.08003297448158264,
        "10%": -0.06168037056922912,
        "25%": -0.03622591495513916,
        "75%": 0.02447299985215068,
        "90%": 0.04906503520905973,
        "size": 40
    },
    "m1/W2:0": {
        "_type": "numpy.ndarray",
        "var": 0.025514250621199608,
        "mean": -0.012686694972217083,
        "min": -0.436664879322052,
        "max": 0.37490513920783997,
        "10%": -0.2232276141643524,
        "25%": -0.14362668246030807,
        "75%": 0.11892114579677582,
        "90%": 0.20295927822589876,
        "size": 1600
    },
    "m1/Variable_1:0": {
        "_type": "numpy.ndarray",
        "var": 0.8265832662582397,
        "mean": 0.06372907012701035,
        "min": -2.1356542110443115,
        "max": 1.961943507194519,
        "10%": -1.0832279562950133,
        "25%": -0.4474710375070572,
        "75%": 0.674725353717804,
        "90%": 1.1863596200942994,
        "size": 40
    },
    "m1/batch_normalization_1/gamma:0": {
        "_type": "numpy.ndarray",
        "var": 0.003553967922925949,
        "mean": 1.004634141921997,
        "min": 0.8482135534286499,
        "max": 1.1070587635040283,
        "10%": 0.9224046587944031,
        "25%": 0.9680303484201431,
        "75%": 1.0425043404102325,
        "90%": 1.0719900250434875,
        "size": 40
    },
    "m1/batch_normalization_1/beta:0": {
        "_type": "numpy.ndarray",
        "var": 0.0033287275582551956,
        "mean": -0.0012644187081605196,
        "min": -0.14274862408638,
        "max": 0.13457100093364716,
        "10%": -0.07849157378077506,
        "25%": -0.03545492701232433,
        "75%": 0.03994357492774725,
        "90%": 0.06615410819649697,
        "size": 40
    },
    "m1/W3:0": {
        "_type": "numpy.ndarray",
        "var": 0.025382494553923607,
        "mean": 0.007486840710043907,
        "min": -0.658608078956604,
        "max": 0.3752829432487488,
        "10%": -0.20391638725996017,
        "25%": -0.11722160689532757,
        "75%": 0.1366102397441864,
        "90%": 0.2164624556899071,
        "size": 1600
    },
    "m1/Variable_2:0": {
        "_type": "numpy.ndarray",
        "var": 1.0252220630645752,
        "mean": -0.050654612481594086,
        "min": -2.0166192054748535,
        "max": 2.4728071689605713,
        "10%": -1.5006184577941895,
        "25%": -0.8873186260461807,
        "75%": 0.593860313296318,
        "90%": 1.1153506875038148,
        "size": 40
    },
    "m1/batch_normalization_2/gamma:0": {
        "_type": "numpy.ndarray",
        "var": 0.0030195387080311775,
        "mean": 0.9995864629745483,
        "min": 0.913475751876831,
        "max": 1.1659693717956543,
        "10%": 0.9305207014083863,
        "25%": 0.9623175859451294,
        "75%": 1.028521865606308,
        "90%": 1.0645085096359252,
        "size": 40
    },
    "m1/batch_normalization_2/beta:0": {
        "_type": "numpy.ndarray",
        "var": 0.003781502600759268,
        "mean": -0.0006491888198070228,
        "min": -0.10679300129413605,
        "max": 0.12478227913379669,
        "10%": -0.0684219866991043,
        "25%": -0.05018513463437557,
        "75%": 0.043862178921699524,
        "90%": 0.09438432902097701,
        "size": 40
    },
    "m1/W4:0": {
        "_type": "numpy.ndarray",
        "var": 0.025748886168003082,
        "mean": -0.00299924542196095,
        "min": -0.4563785195350647,
        "max": 0.3986574411392212,
        "10%": -0.2206172868609428,
        "25%": -0.13308992236852646,
        "75%": 0.12625080719590187,
        "90%": 0.20742850154638298,
        "size": 1600
    },
    "m1/Variable_3:0": {
        "_type": "numpy.ndarray",
        "var": 0.8903145790100098,
        "mean": 0.3313641846179962,
        "min": -1.3757191896438599,
        "max": 2.5025153160095215,
        "10%": -0.8294519066810608,
        "25%": -0.24199208617210388,
        "75%": 1.1000774204730988,
        "90%": 1.6119877219200136,
        "size": 40
    },
    "m1/batch_normalization_3/gamma:0": {
        "_type": "numpy.ndarray",
        "var": 0.002478980692103505,
        "mean": 1.0173423290252686,
        "min": 0.9132847785949707,
        "max": 1.1135355234146118,
        "10%": 0.9618240833282471,
        "25%": 0.9859526455402374,
        "75%": 1.051351398229599,
        "90%": 1.08614821434021,
        "size": 40
    },
    "m1/batch_normalization_3/beta:0": {
        "_type": "numpy.ndarray",
        "var": 0.005122040398418903,
        "mean": -0.005721806548535824,
        "min": -0.16841863095760345,
        "max": 0.1701861321926117,
        "10%": -0.08185138851404189,
        "25%": -0.044598123989999294,
        "75%": 0.0358730535954237,
        "90%": 0.08487742915749552,
        "size": 40
    },
    "m1/W5:0": {
        "_type": "numpy.ndarray",
        "var": 0.026127466931939125,
        "mean": -0.005458679050207138,
        "min": -0.5362211465835571,
        "max": 0.4015955626964569,
        "10%": -0.2222700983285904,
        "25%": -0.1278926394879818,
        "75%": 0.12049964629113674,
        "90%": 0.21240095198154454,
        "size": 1600
    },
    "m1/Variable_4:0": {
        "_type": "numpy.ndarray",
        "var": 0.6170230507850647,
        "mean": 0.041104234755039215,
        "min": -1.7315791845321655,
        "max": 1.9067875146865845,
        "10%": -0.7746346175670623,
        "25%": -0.3887070268392563,
        "75%": 0.5668477565050125,
        "90%": 0.9169623315334325,
        "size": 40
    },
    "m1/batch_normalization_4/gamma:0": {
        "_type": "numpy.ndarray",
        "var": 0.0029561594128608704,
        "mean": 1.1167919635772705,
        "min": 1.010703444480896,
        "max": 1.2271325588226318,
        "10%": 1.0437678575515748,
        "25%": 1.0793503820896149,
        "75%": 1.1642997860908508,
        "90%": 1.1922296047210692,
        "size": 40
    },
    "m1/batch_normalization_4/beta:0": {
        "_type": "numpy.ndarray",
        "var": 0.0126914381980896,
        "mean": 0.010803007520735264,
        "min": -0.13024939596652985,
        "max": 0.12615442276000977,
        "10%": -0.11773547306656837,
        "25%": -0.10999526642262936,
        "75%": 0.11132836155593395,
        "90%": 0.11495108380913735,
        "size": 40
    },
    "m1/W9:0": {
        "_type": "numpy.ndarray",
        "var": 0.10741202533245087,
        "mean": -0.05354149267077446,
        "min": -0.5789324641227722,
        "max": 0.5223809480667114,