{
    "training Accuracy": 0.4999421458352669,
    "validation Accuracy": 0.433504194021225,
    "validation l2_reg": 0.0,
    "_runtime": 41.8875150680542,
    "_timestamp": 1552875066.3643415,
    "_step": 25,
    "m1/W1:0": {
        "_type": "numpy.ndarray",
        "var": 0.031928930431604385,
        "mean": -0.00019736078684218228,
        "min": -0.3045700490474701,
        "max": 0.3061237335205078,
        "10%": -0.25015067458152773,
        "25%": -0.15982434153556824,
        "75%": 0.1470564752817154,
        "90%": 0.2507220596075058,
        "size": 960
    },
    "m1/Variable:0": {
        "_type": "numpy.ndarray",
        "var": 1.242143988609314,
        "mean": 0.025681501254439354,
        "min": -2.5310537815093994,
        "max": 3.0865206718444824,
        "10%": -1.2242599010467528,
        "25%": -0.6614076644182205,
        "75%": 0.7396149635314941,
        "90%": 1.2554790019989017,
        "size": 40
    },
    "m1/batch_normalization/gamma:0": {
        "_type": "numpy.ndarray",
        "var": 5.717617113987217e-06,
        "mean": 0.9999536275863647,
        "min": 0.9945449829101562,
        "max": 1.0047883987426758,
        "10%": 0.9964621782302856,
        "25%": 0.9986152499914169,
        "75%": 1.0013022124767303,
        "90%": 1.0023770332336426,
        "size": 40
    },
    "m1/batch_normalization/beta:0": {
        "_type": "numpy.ndarray",
        "var": 1.4461492355621886e-05,
        "mean": -0.0003884455654770136,
        "min": -0.006057334132492542,
        "max": 0.008023053407669067,
        "10%": -0.005066238949075342,
        "25%": -0.003649115504231304,
        "75%": 0.0025344312889501452,
        "90%": 0.004397545196115972,
        "size": 40
    },
    "m1/W2:0": {
        "_type": "numpy.ndarray",
        "var": 0.025129154324531555,
        "mean": 0.0007936018519103527,
        "min": -0.27842220664024353,
        "max": 0.2780756652355194,
        "10%": -0.2196115478873253,
        "25%": -0.13260448351502419,
        "75%": 0.13832762837409973,
        "90%": 0.21834555864334113,
        "size": 1600
    },
    "m1/Variable_1:0": {
        "_type": "numpy.ndarray",
        "var": 0.9341112375259399,
        "mean": 0.2596932351589203,
        "min": -1.4359172582626343,
        "max": 2.7207510471343994,
        "10%": -0.9333928525447844,
        "25%": -0.48124077916145325,
        "75%": 0.9546246230602264,
        "90%": 1.4894223213195805,
        "size": 40
    },
    "m1/batch_normalization_1/gamma:0": {
        "_type": "numpy.ndarray",
        "var": 1.3541449334297795e-05,
        "mean": 0.9998644590377808,
        "min": 0.9919800162315369,
        "max": 1.0088136196136475,
        "10%": 0.9959069848060608,
        "25%": 0.9975968301296234,
        "75%": 1.0015400648117065,
        "90%": 1.004229998588562,
        "size": 40
    },
    "m1/batch_normalization_1/beta:0": {
        "_type": "numpy.ndarray",
        "var": 1.9765158867812715e-05,
        "mean": -0.0008131724898703396,
        "min": -0.009061843156814575,
        "max": 0.009232906624674797,
        "10%": -0.006764489458873868,
        "25%": -0.0038112460752017796,
        "75%": 0.0019901552295777947,
        "90%": 0.004510595602914691,
        "size": 40
    },
    "m1/W3:0": {
        "_type": "numpy.ndarray",
        "var": 0.02488345094025135,
        "mean": 0.008823210373520851,
        "min": -0.2752700448036194,
        "max": 0.27959179878234863,
        "10%": -0.21162165701389313,
        "25%": -0.12370585091412067,
        "75%": 0.1494240164756775,
        "90%": 0.22110117524862294,
        "size": 1600
    },
    "m1/Variable_2:0": {
        "_type": "numpy.ndarray",
        "var": 1.03380286693573,
        "mean": 0.11070261150598526,
        "min": -1.6906508207321167,
        "max": 3.147435426712036,
        "10%": -1.0207604646682737,
        "25%": -0.5958141833543777,
        "75%": 0.5919769406318665,
        "90%": 1.3418246865272523,
        "size": 40
    },
    "m1/batch_normalization_2/gamma:0": {
        "_type": "numpy.ndarray",
        "var": 2.234599924122449e-05,
        "mean": 0.9998975992202759,
        "min": 0.9908962249755859,
        "max": 1.0104784965515137,
        "10%": 0.9942137956619262,
        "25%": 0.9960760921239853,
        "75%": 1.0034390687942505,
        "90%": 1.0056772112846375,
        "size": 40
    },
    "m1/batch_normalization_2/beta:0": {
        "_type": "numpy.ndarray",
        "var": 2.2182015527505428e-05,
        "mean": 0.0003394590748939663,
        "min": -0.008303649723529816,
        "max": 0.008801612071692944,
        "10%": -0.005771283991634846,
        "25%": -0.003788804926443845,
        "75%": 0.004526958451606333,
        "90%": 0.006839705444872379,
        "size": 40
    },
    "m1/W4:0": {
        "_type": "numpy.ndarray",
        "var": 0.025158047676086426,
        "mean": -0.008069218136370182,
        "min": -0.27859100699424744,
        "max": 0.2824530601501465,
        "10%": -0.22547179758548735,
        "25%": -0.1442682184278965,
        "75%": 0.13000381737947464,
        "90%": 0.21122793108224872,
        "size": 1600
    },
    "m1/Variable_3:0": {
        "_type": "numpy.ndarray",
        "var": 1.0845611095428467,
        "mean": 0.015996288508176804,
        "min": -2.485037326812744,
        "max": 2.445080518722534,
        "10%": -1.1102329969406126,
        "25%": -0.7118829935789108,
        "75%": 0.6476651132106781,
        "90%": 1.1436833381652838,
        "size": 40
    },
    "m1/batch_normalization_3/gamma:0": {
        "_type": "numpy.ndarray",
        "var": 3.5868477425538003e-05,
        "mean": 1.0001410245895386,
        "min": 0.9894737005233765,
        "max": 1.0114368200302124,
        "10%": 0.9918438732624054,
        "25%": 0.9954252541065216,
        "75%": 1.0044084787368774,
        "90%": 1.0069902896881102,
        "size": 40
    },
    "m1/batch_normalization_3/beta:0": {
        "_type": "numpy.ndarray",
        "var": 4.570709279505536e-05,
        "mean": -0.0006909887306392193,
        "min": -0.010256626643240452,
        "max": 0.010483398102223873,
        "10%": -0.009209195617586374,
        "25%": -0.007516364450566471,
        "75%": 0.004351199488155544,
        "90%": 0.008762734103947878,
        "size": 40
    },
    "m1/W5:0": {
        "_type": "numpy.ndarray",
        "var": 0.0244644396007061,
        "mean": 0.0007152898469939828,
        "min": -0.2827107012271881,
        "max": 0.2792147994041443,
        "10%": -0.21463707387447356,
        "25%": -0.13345006853342056,
        "75%": 0.13381651788949966,
        "90%": 0.2182166114449502,
        "size": 1600
    },
    "m1/Variable_4:0": {
        "_type": "numpy.ndarray",
        "var": 1.0276014804840088,
        "mean": 0.19300226867198944,
        "min": -1.7952725887298584,
        "max": 2.4649980068206787,
        "10%": -1.048141610622406,
        "25%": -0.5119688808917999,
        "75%": 0.8265440464019775,
        "90%": 1.489524579048157,
        "size": 40
    },
    "m1/batch_normalization_4/gamma:0": {
        "_type": "numpy.ndarray",
        "var": 5.989155761199072e-05,
        "mean": 1.0021584033966064,
        "min": 0.9898250102996826,
        "max": 1.0124378204345703,
        "10%": 0.9915956974029542,
        "25%": 0.9939083755016327,
        "75%": 1.0099677741527557,
        "90%": 1.0114996194839478,
        "size": 40
    },
    "m1/batch_normalization_4/beta:0": {
        "_type": "numpy.ndarray",
        "var": 6.721199315506965e-05,
        "mean": 0.0004280813445802778,
        "min": -0.011704519391059875,
        "max": 0.01169533096253872,
        "10%": -0.011348009668290615,
        "25%": -0.006882572430185974,
        "75%": 0.008071693358942866,
        "90%": 0.011140948534011841,
        "size": 40
    },
    "m1/W9:0": {
        "_type": "numpy.ndarray",
        "var": 0.05301560088992119,
        "mean": -0.011694423854351044,