{
    "training Accuracy": 0.9139940186320776,
    "validation Accuracy": 0.9321105534107845,
    "_runtime": 161.94891738891602,
    "_timestamp": 1552973960.7201755,
    "_step": 8
}
