{
    "1st Training Error": 0.443324312173631,
    "1st Validation Error": 0.38705357909202576,
    "_runtime": 2192.8322246074677,
    "_timestamp": 1552912793.7567048,
    "_step": 1429,
    "m1/W1_1st:0": {
        "_type": "numpy.ndarray",
        "var": 0.03894616290926933,
        "mean": -0.003172106109559536,
        "min": -0.5512070059776306,
        "max": 0.5199379324913025,
        "10%": -0.25507695376873013,
        "25%": -0.14641059190034866,
        "75%": 0.14244399219751358,
        "90%": 0.2518512696027756,
        "size": 720
    },
    "m1/Variable:0": {
        "_type": "numpy.ndarray",
        "var": 0.49798765778541565,
        "mean": 0.24827155470848083,
        "min": -1.331936001777649,
        "max": 1.7006131410598755,
        "10%": -0.8536137938499451,
        "25%": -0.21133284270763397,
        "75%": 0.7252189218997955,
        "90%": 1.0445391416549685,
        "size": 40
    },
    "m1/W2_1st:0": {
        "_type": "numpy.ndarray",
        "var": 0.028249887749552727,
        "mean": 0.022266995161771774,
        "min": -1.0699739456176758,
        "max": 0.40366432070732117,
        "10%": -0.19369419515132905,
        "25%": -0.11069411598145962,
        "75%": 0.15940877422690392,
        "90%": 0.24356470704078675,
        "size": 1600
    },
    "m1/Variable_1:0": {
        "_type": "numpy.ndarray",
        "var": 0.8709220886230469,
        "mean": 0.27853426337242126,
        "min": -1.7962183952331543,
        "max": 2.466219902038574,
        "10%": -0.9957296788692473,
        "25%": -0.09355520829558372,
        "75%": 0.9871956557035446,
        "90%": 1.4084746718406678,
        "size": 40
    },
    "m1/W3_1st:0": {
        "_type": "numpy.ndarray",
        "var": 0.027421999722719193,
        "mean": 0.015955040231347084,
        "min": -0.4638347625732422,
        "max": 0.4025458097457886,
        "10%": -0.2016549855470657,
        "25%": -0.11215429939329624,
        "75%": 0.15176857635378838,
        "90%": 0.2424251392483711,
        "size": 1600
    },
    "m1/Variable_2:0": {
        "_type": "numpy.ndarray",
        "var": 1.1934459209442139,
        "mean": -0.1325298547744751,
        "min": -3.175133228302002,
        "max": 2.3654510974884033,
        "10%": -1.4856175780296326,
        "25%": -0.6921153217554092,
        "75%": 0.4057866707444191,
        "90%": 1.0906698584556582,
        "size": 40
    },
    "m1/W4_1st:0": {
        "_type": "numpy.ndarray",
        "var": 0.028767719864845276,
        "mean": 0.013342361897230148,
        "min": -0.641514003276825,
        "max": 0.5032678842544556,
        "10%": -0.21377935260534284,
        "25%": -0.12246700562536716,
        "75%": 0.1550157554447651,
        "90%": 0.2342387363314629,
        "size": 1600
    },
    "m1/Variable_3:0": {
        "_type": "numpy.ndarray",
        "var": 1.03645920753479,
        "mean": -0.16094671189785004,
        "min": -1.9674062728881836,
        "max": 2.5447962284088135,
        "10%": -1.3335432529449462,
        "25%": -0.9416504949331284,
        "75%": 0.43474873155355453,
        "90%": 1.1581250905990603,
        "size": 40
    },
    "m1/W5_1st:0": {
        "_type": "numpy.ndarray",
        "var": 0.05014582723379135,
        "mean": 0.0019267558818683028,
        "min": -0.47987669706344604,
        "max": 0.4253084361553192,
        "10%": -0.2879836350679398,
        "25%": -0.1852337345480919,
        "75%": 0.17419476062059402,
        "90%": 0.3203994631767273,
        "size": 240
    },
    "m1/Variable_4:0": [
        -0.2769027352333069,
        -0.5507059693336487,
        -0.34368211030960083,
        -0.17678417265415192,
        -0.18232858180999756,
        0.6302523016929626
    ],
    "m1/W1_2nd:0": {
        "_type": "numpy.ndarray",
        "var": 0.03862946107983589,
        "mean": -0.015851875767111778,
        "min": -0.35451486706733704,
        "max": 0.35627731680870056,
        "10%": -0.27759070694446564,
        "25%": -0.18297268077731133,
        "75%": 0.1457686424255371,
        "90%": 0.264652943611145,
        "size": 240
    },
    "m1_1/Variable:0": {
        "_type": "numpy.ndarray",
        "var": 0.6339248418807983,
        "mean": -0.03253767639398575,
        "min": -1.5863922834396362,
        "max": 2.4601593017578125,
        "10%": -1.0468549966812133,
        "25%": -0.5504890531301498,
        "75%": 0.48625629395246506,
        "90%": 0.9688018321990968,
        "size": 40
    },
    "m1/W2_2nd:0": {
        "_type": "numpy.ndarray",
        "var": 0.025027042254805565,
        "mean": -0.0021255933679640293,
        "min": -0.2736823260784149,
        "max": 0.2736673951148987,
        "10%": -0.21550196111202238,
        "25%": -0.14055293798446655,
        "75%": 0.13619066029787064,
        "90%": 0.21764279007911683,
        "size": 1600
    },
    "m1_1/Variable_1:0": {
        "_type": "numpy.ndarray",
        "var": 1.1627411842346191,
        "mean": -0.038262177258729935,
        "min": -2.1091790199279785,
        "max": 1.9799394607543945,
        "10%": -1.0410887837409974,
        "25%": -0.9606155157089233,
        "75%": 0.775676429271698,
        "90%": 1.6736235618591309,
        "size": 40
    },
    "m1/W3_2nd:0": {
        "_type": "numpy.ndarray",
        "var": 0.026187272742390633,
        "mean": -0.0002769704151432961,
        "min": -0.27343955636024475,
        "max": 0.27354109287261963,
        "10%": -0.22341538071632386,
        "25%": -0.1455400139093399,
        "75%": 0.13987230509519577,
        "90%": 0.21928774714469915,
        "size": 1600
    },
    "m1_1/Variable_2:0": {
        "_type": "numpy.ndarray",
        "var": 1.4183361530303955,
        "mean": 0.10234212875366211,
        "min": -1.8612858057022095,
        "max": 2.77913236618042,
        "10%": -1.4254832148551941,
        "25%": -0.7859941273927689,
        "75%": 1.0048212707042694,
        "90%": 1.7193349123001098,
        "size": 40
    },
    "m1/W4_2nd:0": {
        "_type": "numpy.ndarray",
        "var": 0.024750227108597755,
        "mean": -0.001712261000648141,
        "min": -0.27326861023902893,
        "max": 0.2735540270805359,
        "10%": -0.22284080535173417,
        "25%": -0.13188808038830757,
        "75%": 0.13275958597660065,
        "90%": 0.21994945406913763,
        "size": 1600
    },
    "m1_1/Variable_3:0": {
        "_type": "numpy.ndarray",
        "var": 0.8937673568725586,
        "mean": 0.03493286296725273,
        "min": -1.8066869974136353,
        "max": 2.861902952194214,
        "10%": -0.8693207085132599,
        "25%": -0.6253282129764557,
        "75%": 0.5743572562932968,
        "90%": 1.254632949829102,
        "size": 40
    },
    "m1/W5_2nd:0": {
        "_type": "numpy.ndarray",
        "var": 0.04295121878385544,
        "mean": 0.0012533854460343719,
        "min": -0.3591141104698181,
        "max": 0.3759501278400421,
        "10%": -0.30883196592330936,
        "25%": -0.16108761355280876,
        "75%": 0.18221749365329742,
        "90%": 0.26496636271476753,
        "size": 80
    },
    "m1_1/Variable_4:0": [
        -1.080197811126709,
        -1.6594396829605103
    ]
}
