{
    "1st Training Error": 1.7756040934196204,
    "1st Validation Error": 0.4874931871891022,
    "_runtime": 10028.295297145844,
    "_timestamp": 1552928830.1441164,
    "_step": 5599,
    "m1/W1_1st:0": {
        "_type": "numpy.ndarray",
        "var": 0.039598677307367325,
        "mean": -0.007958429865539074,
        "min": -0.6421524286270142,
        "max": 0.5541684031486511,
        "10%": -0.2586583226919174,
        "25%": -0.14752161502838135,
        "75%": 0.13523245230317116,
        "90%": 0.2467654049396515,
        "size": 720
    },
    "m1/Variable:0": {
        "_type": "numpy.ndarray",
        "var": 1.2107795476913452,
        "mean": -0.02832932397723198,
        "min": -2.499635696411133,
        "max": 2.466733932495117,
        "10%": -1.3550251722335815,
        "25%": -0.6307222694158554,
        "75%": 0.7877042144536972,
        "90%": 1.515280604362488,
        "size": 40
    },
    "m1/batch_normalization/gamma:0": {
        "_type": "numpy.ndarray",
        "var": 0.002810439793393016,
        "mean": 0.9916877746582031,
        "min": 0.8860327005386353,
        "max": 1.0976279973983765,
        "10%": 0.9316076695919038,
        "25%": 0.9544402360916138,
        "75%": 1.0341135263442993,
        "90%": 1.0650550365447997,
        "size": 40
    },
    "m1/batch_normalization/beta:0": {
        "_type": "numpy.ndarray",
        "var": 0.008487436920404434,
        "mean": -0.037998490035533905,
        "min": -0.22282786667346954,
        "max": 0.17319537699222565,
        "10%": -0.15713924020528794,
        "25%": -0.11383816786110401,
        "75%": 0.030629361979663372,
        "90%": 0.06406595110893254,
        "size": 40
    },
    "m1/W2_1st:0": {
        "_type": "numpy.ndarray",
        "var": 0.026696758344769478,
        "mean": -0.007778526749461889,
        "min": -0.5245577096939087,
        "max": 0.6085790991783142,
        "10%": -0.2242208078503609,
        "25%": -0.13365933671593666,
        "75%": 0.1170121282339096,
        "90%": 0.20567678213119509,
        "size": 1600
    },
    "m1/Variable_1:0": {
        "_type": "numpy.ndarray",
        "var": 0.870347797870636,
        "mean": 0.20173883438110352,
        "min": -2.2564051151275635,
        "max": 2.448397159576416,
        "10%": -0.9472312748432159,
        "25%": -0.3027510344982147,
        "75%": 0.6585092842578888,
        "90%": 1.3515032768249515,
        "size": 40
    },
    "m1/batch_normalization_1/gamma:0": {
        "_type": "numpy.ndarray",
        "var": 0.004122265614569187,
        "mean": 0.9851081967353821,
        "min": 0.8610355257987976,
        "max": 1.1080265045166016,
        "10%": 0.9083508908748628,
        "25%": 0.9348619431257248,
        "75%": 1.0250693559646606,
        "90%": 1.0827576398849488,
        "size": 40
    },
    "m1/batch_normalization_1/beta:0": {
        "_type": "numpy.ndarray",
        "var": 0.0073488568887114525,
        "mean": -0.003793145064264536,
        "min": -0.18062824010849,
        "max": 0.14639873802661896,
        "10%": -0.11411370635032654,
        "25%": -0.06363580469042063,
        "75%": 0.06759447604417801,
        "90%": 0.10160409584641461,
        "size": 40
    },
    "m1/W3_1st:0": {
        "_type": "numpy.ndarray",
        "var": 0.02506786398589611,
        "mean": -0.006147380918264389,
        "min": -0.48173823952674866,
        "max": 0.4616520404815674,
        "10%": -0.2126736044883728,
        "25%": -0.12954730167984962,
        "75%": 0.11613805964589119,
        "90%": 0.19980721026659023,
        "size": 1600
    },
    "m1/Variable_2:0": {
        "_type": "numpy.ndarray",
        "var": 1.3283976316452026,
        "mean": -0.24904277920722961,
        "min": -2.623589277267456,
        "max": 1.8546254634857178,
        "10%": -1.8344360709190368,
        "25%": -1.174369901418686,
        "75%": 0.5572359412908554,
        "90%": 1.1599388599395755,
        "size": 40
    },
    "m1/batch_normalization_2/gamma:0": {
        "_type": "numpy.ndarray",
        "var": 0.007319713942706585,
        "mean": 0.9886787533760071,
        "min": 0.819527268409729,
        "max": 1.1797763109207153,
        "10%": 0.8700349450111389,
        "25%": 0.9405258744955063,
        "75%": 1.0614916384220123,
        "90%": 1.0827724933624268,
        "size": 40
    },
    "m1/batch_normalization_2/beta:0": {
        "_type": "numpy.ndarray",
        "var": 0.005627206992357969,
        "mean": -0.009486431255936623,
        "min": -0.1706395298242569,
        "max": 0.1829831600189209,
        "10%": -0.09392351806163787,
        "25%": -0.050109753385186195,
        "75%": 0.028984769713133574,
        "90%": 0.07330576106905941,
        "size": 40
    },
    "m1/W4_1st:0": {
        "_type": "numpy.ndarray",
        "var": 0.02682245522737503,
        "mean": -0.0036483025178313255,
        "min": -0.7661253213882446,
        "max": 0.5484166145324707,
        "10%": -0.2168819546699524,
        "25%": -0.12190474569797516,
        "75%": 0.11665476113557816,
        "90%": 0.20840547382831573,
        "size": 1600
    },
    "m1/Variable_3:0": {
        "_type": "numpy.ndarray",
        "var": 1.0532748699188232,
        "mean": 0.18803271651268005,
        "min": -1.8206450939178467,
        "max": 2.437131404876709,
        "10%": -1.1659504055976868,
        "25%": -0.6295058727264404,
        "75%": 0.8671825528144836,
        "90%": 1.5332179784774782,
        "size": 40
    },
    "m1/batch_normalization_3/gamma:0": {
        "_type": "numpy.ndarray",
        "var": 0.0052499836310744286,
        "mean": 0.994952380657196,
        "min": 0.8106613755226135,
        "max": 1.1325173377990723,
        "10%": 0.9216992676258087,
        "25%": 0.9655279368162155,
        "75%": 1.043426513671875,
        "90%": 1.0711344718933105,
        "size": 40
    },
    "m1/batch_normalization_3/beta:0": {
        "_type": "numpy.ndarray",
        "var": 0.012268655002117157,
        "mean": -0.007091440260410309,
        "min": -0.2295946627855301,
        "max": 0.19865556061267853,
        "10%": -0.14772578030824662,
        "25%": -0.08246291056275368,
        "75%": 0.07757191173732281,
        "90%": 0.14415012001991273,
        "size": 40
    },
    "m1/W5_1st:0": {
        "_type": "numpy.ndarray",
        "var": 0.027774237096309662,
        "mean": -0.0010209252359345555,
        "min": -0.5457268953323364,
        "max": 0.43315017223358154,
        "10%": -0.2211686760187149,
        "25%": -0.12430149503052235,
        "75%": 0.12437408044934273,
        "90%": 0.21201842874288576,
        "size": 1600
    },
    "m1/Variable_4:0": {
        "_type": "numpy.ndarray",
        "var": 1.4237140417099,
        "mean": -0.07594811171293259,
        "min": -3.149600028991699,
        "max": 2.1507391929626465,
        "10%": -1.333204460144043,
        "25%": -1.0070988237857819,
        "75%": 0.811058521270752,
        "90%": 1.5029335260391241,
        "size": 40
    },
    "m1/batch_normalization_4/gamma:0": {
        "_type": "numpy.ndarray",
        "var": 0.007376490626484156,
        "mean": 0.9945728182792664,
        "min": 0.7342107892036438,
        "max": 1.1806654930114746,
        "10%": 0.907766228914261,
        "25%": 0.9467875510454178,
        "75%": 1.046494573354721,
        "90%": 1.1142115592956543,
        "size": 40
    },
    "m1/batch_normalization_4/beta:0": {
        "_type": "numpy.ndarray",
        "var": 0.04050254076719284,
        "mean": -0.04452946409583092,
        "min": -0.37057623267173767,
        "max": 0.278237909078598,
        "10%": -0.27658834755420686,
        "25%": -0.221843384206295,
        "75%": 0.15210214629769325,
        "90%": 0.23968670368194583,
        "size": 40
    },
    "m1/W6_1st:0": {
        "_type": "numpy.ndarray",
        "var": 0.034208863973617554,
        "mean": -0.017158159986138344,
        "min": -0.7401852011680603,
        "max": 0.5526074171066284,