{
    "1st Training Error": 1.751822070346392,
    "1st Validation Error": 0.46947622299194336,
    "_runtime": 3506.012391090393,
    "_timestamp": 1552917174.0809875,
    "_step": 2055,
    "m1/W1_1st:0": {
        "_type": "numpy.ndarray",
        "var": 0.041848693042993546,
        "mean": -0.010005244053900242,
        "min": -0.6146514415740967,
        "max": 0.5573500990867615,
        "10%": -0.26369280815124513,
        "25%": -0.14017099142074585,
        "75%": 0.11463341303169727,
        "90%": 0.257615813612938,
        "size": 720
    },
    "m1/Variable:0": {
        "_type": "numpy.ndarray",
        "var": 0.7844780683517456,
        "mean": 0.028434187173843384,
        "min": -1.9816406965255737,
        "max": 1.9030414819717407,
        "10%": -0.9831576526165008,
        "25%": -0.7657674252986908,
        "75%": 0.5290519148111343,
        "90%": 1.1821292877197267,
        "size": 40
    },
    "m1/batch_normalization/gamma:0": {
        "_type": "numpy.ndarray",
        "var": 0.004799930844455957,
        "mean": 0.9855817556381226,
        "min": 0.8431901931762695,
        "max": 1.1420834064483643,
        "10%": 0.9023944139480591,
        "25%": 0.9424702227115631,
        "75%": 1.0323914289474487,
        "90%": 1.069043779373169,
        "size": 40
    },
    "m1/batch_normalization/beta:0": {
        "_type": "numpy.ndarray",
        "var": 0.03402572125196457,
        "mean": 0.01620902307331562,
        "min": -0.4415295422077179,
        "max": 0.4951128661632538,
        "10%": -0.17567550241947172,
        "25%": -0.07965248078107834,
        "75%": 0.10082213021814823,
        "90%": 0.21360373347997674,
        "size": 40
    },
    "m1/W2_1st:0": {
        "_type": "numpy.ndarray",
        "var": 0.026382550597190857,
        "mean": 0.004321988206356764,
        "min": -0.5643145442008972,
        "max": 0.43957585096359253,
        "10%": -0.20853496044874192,
        "25%": -0.11631476134061813,
        "75%": 0.12540069967508316,
        "90%": 0.21138534247875218,
        "size": 1600
    },
    "m1/Variable_1:0": {
        "_type": "numpy.ndarray",
        "var": 0.8584194183349609,
        "mean": -0.11478479951620102,
        "min": -2.4635519981384277,
        "max": 1.9480186700820923,
        "10%": -1.2764821767807006,
        "25%": -0.6528684049844742,
        "75%": 0.5896613001823425,
        "90%": 0.7586167156696321,
        "size": 40
    },
    "m1/batch_normalization_1/gamma:0": {
        "_type": "numpy.ndarray",
        "var": 0.007486571557819843,
        "mean": 0.9800273776054382,
        "min": 0.6719133853912354,
        "max": 1.132858157157898,
        "10%": 0.899516248703003,
        "25%": 0.9294108748435974,
        "75%": 1.0509043037891388,
        "90%": 1.0832223534584047,
        "size": 40
    },
    "m1/batch_normalization_1/beta:0": {
        "_type": "numpy.ndarray",
        "var": 0.018842393532395363,
        "mean": 0.011261774227023125,
        "min": -0.2689773738384247,
        "max": 0.35685205459594727,
        "10%": -0.1459543973207474,
        "25%": -0.0833283755928278,
        "75%": 0.12506966292858124,
        "90%": 0.19148807525634767,
        "size": 40
    },
    "m1/W3_1st:0": {
        "_type": "numpy.ndarray",
        "var": 0.026720350608229637,
        "mean": -0.00016329243953805417,
        "min": -0.5396761894226074,
        "max": 0.5232990980148315,
        "10%": -0.20851936340332033,
        "25%": -0.110273702070117,
        "75%": 0.10791750811040401,
        "90%": 0.21570812761783606,
        "size": 1600
    },
    "m1/Variable_2:0": {
        "_type": "numpy.ndarray",
        "var": 1.0898641347885132,
        "mean": 0.04400318115949631,
        "min": -2.368440628051758,
        "max": 1.959539771080017,
        "10%": -1.3719931721687317,
        "25%": -0.6974146366119385,
        "75%": 0.7189643234014511,
        "90%": 1.6223627924919128,
        "size": 40
    },
    "m1/batch_normalization_2/gamma:0": {
        "_type": "numpy.ndarray",
        "var": 0.008259238675236702,
        "mean": 0.9766689538955688,
        "min": 0.7111191153526306,
        "max": 1.1795332431793213,
        "10%": 0.8769687354564667,
        "25%": 0.9370174407958984,
        "75%": 1.0229982435703278,
        "90%": 1.1097636699676514,
        "size": 40
    },
    "m1/batch_normalization_2/beta:0": {
        "_type": "numpy.ndarray",
        "var": 0.10428093373775482,
        "mean": -0.031162193045020103,
        "min": -0.5714758634567261,
        "max": 0.5620238184928894,
        "10%": -0.5078122615814209,
        "25%": -0.2925032898783684,
        "75%": 0.2261323593556881,
        "90%": 0.4346692174673081,
        "size": 40
    },
    "m1/W4_1st:0": {
        "_type": "numpy.ndarray",
        "var": 0.03403543308377266,
        "mean": -0.01202283427119255,
        "min": -0.995022177696228,
        "max": 0.9189013838768005,
        "10%": -0.23752399533987043,
        "25%": -0.12246081233024597,
        "75%": 0.10838452912867069,
        "90%": 0.20975324958562863,
        "size": 1600
    },
    "m1/Variable_3:0": {
        "_type": "numpy.ndarray",
        "var": 0.9128015637397766,
        "mean": 0.3335966169834137,
        "min": -1.616303563117981,
        "max": 2.00373911857605,
        "10%": -0.8348179936408996,
        "25%": -0.3004043251276016,
        "75%": 1.1039616465568542,
        "90%": 1.5303871989250186,
        "size": 40
    },
    "m1/batch_normalization_3/gamma:0": {
        "_type": "numpy.ndarray",
        "var": 0.008314807899296284,
        "mean": 1.7760206460952759,
        "min": 1.549203872680664,
        "max": 1.905324935913086,
        "10%": 1.6297067403793335,
        "25%": 1.717196762561798,
        "75%": 1.8477644622325897,
        "90%": 1.8855089783668517,
        "size": 40
    },
    "m1/batch_normalization_3/beta:0": {
        "_type": "numpy.ndarray",
        "var": 0.002493069740012288,
        "mean": -0.003197088371962309,
        "min": -0.09160309284925461,
        "max": 0.08269552886486053,
        "10%": -0.07548555210232735,
        "25%": -0.0361403189599514,
        "75%": 0.04046561382710934,
        "90%": 0.06825971752405166,
        "size": 40
    },
    "m1/W5_1st:0": {
        "_type": "numpy.ndarray",
        "var": 0.5090306401252747,
        "mean": 0.01598247140645981,
        "min": -1.1305789947509766,
        "max": 1.1415903568267822,
        "10%": -0.8831517696380615,
        "25%": -0.6993734985589981,
        "75%": 0.7230384796857834,
        "90%": 0.9030204474925995,
        "size": 240
    },
    "m1/Variable_4:0": [
        -0.19690650701522827,
        1.0361902713775635,
        -0.7425888180732727,
        -0.12652216851711273,
        0.5047985911369324,
        -0.3038446009159088
    ],
    "m1/W1_2nd:0": {
        "_type": "numpy.ndarray",
        "var": 0.041090164333581924,
        "mean": 0.00208973977714777,
        "min": -0.3606739938259125,
        "max": 0.35787394642829895,
        "10%": -0.28271648585796355,
        "25%": -0.17473328486084938,
        "75%": 0.1727297604084015,
        "90%": 0.2736899256706238,
        "size": 240
    },
    "m1_1/Variable:0": {
        "_type": "numpy.ndarray",
        "var": 0.9503988027572632,
        "mean": -0.03991108015179634,
        "min": -2.3064637184143066,
        "max": 1.9388046264648438,
        "10%": -1.2685372829437256,
        "25%": -0.7707934230566025,
        "75%": 0.6321616470813751,
        "90%": 0.9690154016017918,
        "size": 40
    },
    "m1/W2_2nd:0": {
        "_type": "numpy.ndarray",
        "var": 0.024609984830021858,
        "mean": 0.0007937404443509877,
        "min": -0.27358928322792053,
        "max": 0.27318650484085083,
        "10%": -0.2143573060631752,
        "25%": -0.1340724304318428,
        "75%": 0.13750534504652023,
        "90%": 0.22289284467697154,
        "size": 1600
    },