{
    "1st Training Error": 1.8176792530481498,
    "1st Validation Error": 0.4874795079231262,
    "_runtime": 555.5227463245392,
    "_timestamp": 1552917768.133621,
    "_step": 324,
    "m1/W1_1st:0": {
        "_type": "numpy.ndarray",
        "var": 0.021823832765221596,
        "mean": 0.0010795334819704294,
        "min": -0.33168670535087585,
        "max": 0.35228314995765686,
        "10%": -0.19644444435834885,
        "25%": -0.12078073993325233,
        "75%": 0.12031751498579979,
        "90%": 0.20038130581378935,
        "size": 1440
    },
    "m1/Variable:0": {
        "_type": "numpy.ndarray",
        "var": 0.6853273510932922,
        "mean": -0.05582795664668083,
        "min": -1.8265215158462524,
        "max": 1.847929835319519,
        "10%": -1.1024157404899597,
        "25%": -0.7111047506332397,
        "75%": 0.43929531425237656,
        "90%": 1.1490524411201477,
        "size": 80
    },
    "m1/batch_normalization/gamma:0": {
        "_type": "numpy.ndarray",
        "var": 0.0008362017688341439,
        "mean": 1.0043883323669434,
        "min": 0.9452171325683594,
        "max": 1.075670838356018,
        "10%": 0.9687057912349701,
        "25%": 0.9818271845579147,
        "75%": 1.0231568813323975,
        "90%": 1.040639877319336,
        "size": 80
    },
    "m1/batch_normalization/beta:0": {
        "_type": "numpy.ndarray",
        "var": 0.0027925323229283094,
        "mean": -0.0128439050167799,
        "min": -0.1376650631427765,
        "max": 0.10047604888677597,
        "10%": -0.07890778258442879,
        "25%": -0.041646274738013744,
        "75%": 0.017347810324281454,
        "90%": 0.05708370916545392,
        "size": 80
    },
    "m1/W2_1st:0": {
        "_type": "numpy.ndarray",
        "var": 0.01295015960931778,
        "mean": -0.0017298145685344934,
        "min": -0.3029838800430298,
        "max": 0.28776171803474426,
        "10%": -0.15362870395183562,
        "25%": -0.09686163626611233,
        "75%": 0.09071010909974575,
        "90%": 0.1516704112291336,
        "size": 6400
    },
    "m1/Variable_1:0": {
        "_type": "numpy.ndarray",
        "var": 0.911045253276825,
        "mean": 0.06190318986773491,
        "min": -2.008214235305786,
        "max": 2.2547621726989746,
        "10%": -1.052135157585144,
        "25%": -0.6866607218980789,
        "75%": 0.8455701768398285,
        "90%": 1.377239429950715,
        "size": 80
    },
    "m1/batch_normalization_1/gamma:0": {
        "_type": "numpy.ndarray",
        "var": 0.001766112050972879,
        "mean": 0.9985980987548828,
        "min": 0.8975672721862793,
        "max": 1.0775773525238037,
        "10%": 0.9463894426822662,
        "25%": 0.9707714319229126,
        "75%": 1.03197780251503,
        "90%": 1.050397276878357,
        "size": 80
    },
    "m1/batch_normalization_1/beta:0": {
        "_type": "numpy.ndarray",
        "var": 0.0038607134483754635,
        "mean": -0.008387514390051365,
        "min": -0.13611717522144318,
        "max": 0.15130482614040375,
        "10%": -0.08069453611969947,
        "25%": -0.053214509040117264,
        "75%": 0.030860398430377245,
        "90%": 0.0729368396103383,
        "size": 80
    },
    "m1/W3_1st:0": {
        "_type": "numpy.ndarray",
        "var": 0.013061459176242352,
        "mean": -0.002808192977681756,
        "min": -0.3171369433403015,
        "max": 0.3761623799800873,
        "10%": -0.15544956922531128,
        "25%": -0.0945999063551426,
        "75%": 0.08998570404946804,
        "90%": 0.14931954741477968,
        "size": 6400
    },
    "m1/Variable_2:0": {
        "_type": "numpy.ndarray",
        "var": 0.9349111318588257,
        "mean": -0.07319870591163635,
        "min": -1.878136396408081,
        "max": 2.147693634033203,
        "10%": -1.246161162853241,
        "25%": -0.8477440029382706,
        "75%": 0.5214451253414154,
        "90%": 1.1413107156753548,
        "size": 80
    },
    "m1/batch_normalization_2/gamma:0": {
        "_type": "numpy.ndarray",
        "var": 0.002849346026778221,
        "mean": 0.9839380979537964,
        "min": 0.8561626076698303,
        "max": 1.0927865505218506,
        "10%": 0.9208088040351868,
        "25%": 0.9551512449979782,
        "75%": 1.019066721200943,
        "90%": 1.0619663953781129,
        "size": 80
    },
    "m1/batch_normalization_2/beta:0": {
        "_type": "numpy.ndarray",
        "var": 0.03188035264611244,
        "mean": -0.047128837555646896,
        "min": -0.33100154995918274,
        "max": 0.33931732177734375,
        "10%": -0.2505060315132141,
        "25%": -0.2041085585951805,
        "75%": 0.0980646163225174,
        "90%": 0.2195318028330803,
        "size": 80
    },
    "m1/W4_1st:0": {
        "_type": "numpy.ndarray",
        "var": 0.014594357460737228,
        "mean": -0.007781358901411295,
        "min": -0.47103193402290344,
        "max": 0.35546669363975525,
        "10%": -0.16193356961011887,
        "25%": -0.09584476612508297,
        "75%": 0.0846342109143734,
        "90%": 0.14444667845964437,
        "size": 6400
    },
    "m1/Variable_3:0": {
        "_type": "numpy.ndarray",
        "var": 0.8079162836074829,
        "mean": 0.19667968153953552,
        "min": -2.425769090652466,
        "max": 3.245436429977417,
        "10%": -0.8711599707603455,
        "25%": -0.2953365296125412,
        "75%": 0.7004276365041733,
        "90%": 1.3441665768623352,
        "size": 80
    },
    "m1/batch_normalization_3/gamma:0": {
        "_type": "numpy.ndarray",
        "var": 0.0009564647334627807,
        "mean": 1.3833764791488647,
        "min": 1.2381459474563599,
        "max": 1.4485676288604736,
        "10%": 1.3554023861885072,
        "25%": 1.3716712594032288,
        "75%": 1.39958056807518,
        "90%": 1.4147670149803162,
        "size": 80
    },
    "m1/batch_normalization_3/beta:0": {
        "_type": "numpy.ndarray",
        "var": 0.005318081472069025,
        "mean": -0.00467092776671052,
        "min": -0.16376665234565735,
        "max": 0.13898241519927979,
        "10%": -0.11225956007838249,
        "25%": -0.05355807300657034,
        "75%": 0.04161051381379366,
        "90%": 0.09321813732385645,
        "size": 80
    },
    "m1/W5_1st:0": {
        "_type": "numpy.ndarray",
        "var": 0.16680213809013367,
        "mean": 0.017871249467134476,
        "min": -0.6539822220802307,
        "max": 0.6491474509239197,
        "10%": -0.5054406940937043,
        "25%": -0.39127355068922043,
        "75%": 0.41341496258974075,
        "90%": 0.5126839578151703,
        "size": 480
    },
    "m1/Variable_4:0": [
        0.1752563714981079,
        -0.1081409603357315,
        -0.6213085055351257,
        -1.1272470951080322,
        -0.6249089241027832,
        -1.5901713371276855
    ],
    "m1/W1_2nd:0": {
        "_type": "numpy.ndarray",
        "var": 0.038829974830150604,
        "mean": 0.01091561745852232,
        "min": -0.3552182614803314,
        "max": 0.3560979664325714,
        "10%": -0.2583917379379272,
        "25%": -0.15025698021054268,
        "75%": 0.17456723749637604,
        "90%": 0.2717500746250152,
        "size": 240
    },
    "m1_1/Variable:0": {
        "_type": "numpy.ndarray",
        "var": 0.7167784571647644,
        "mean": 0.06371970474720001,
        "min": -1.3529366254806519,
        "max": 1.7817012071609497,
        "10%": -1.0723278522491455,
        "25%": -0.573549821972847,
        "75%": 0.6255293041467667,
        "90%": 1.1837704300880436,
        "size": 40
    },
    "m1/W2_2nd:0": {
        "_type": "numpy.ndarray",
        "var": 0.025666063651442528,
        "mean": -0.005536045879125595,
        "min": -0.27369505167007446,
        "max": 0.27364426851272583,
        "10%": -0.22618945688009262,
        "25%": -0.14350594207644463,
        "75%": 0.1383058726787567,
        "90%": 0.2222196638584137,
        "size": 1600
    },