{
    "training Accuracy": NaN,
    "validation Accuracy": 1.0,
    "validation l2_reg": 0.0,
    "_runtime": 28.4811429977417,
    "_timestamp": 1552873425.9776645,
    "_step": 10,
    "m1/W1:0": {
        "_type": "numpy.ndarray",
        "var": 0.030528299510478973,
        "mean": -0.00945793092250824,
        "min": -0.3011559844017029,
        "max": 0.2989107072353363,
        "10%": -0.24039603322744368,
        "25%": -0.16393617168068886,
        "75%": 0.14928320050239563,
        "90%": 0.23371018171310426,
        "size": 1120
    },
    "m1/Variable:0": {
        "_type": "numpy.ndarray",
        "var": 1.1429784297943115,
        "mean": 0.16069002449512482,
        "min": -2.704110860824585,
        "max": 2.0259220600128174,
        "10%": -1.34386248588562,
        "25%": -0.6165540218353271,
        "75%": 1.0350103378295898,
        "90%": 1.558177649974823,
        "size": 40
    },
    "m1/W2:0": {
        "_type": "numpy.ndarray",
        "var": 0.024629581719636917,
        "mean": 0.0015489495126530528,
        "min": -0.2832088768482208,
        "max": 0.28146979212760925,
        "10%": -0.21750487089157103,
        "25%": -0.13202349841594696,
        "75%": 0.13874811679124832,
        "90%": 0.21944958567619324,
        "size": 1600
    },
    "m1/Variable_1:0": {
        "_type": "numpy.ndarray",
        "var": 1.0945687294006348,
        "mean": 0.2503095269203186,
        "min": -1.5462688207626343,
        "max": 2.913022756576538,
        "10%": -0.9408827722072601,
        "25%": -0.5220255106687546,
        "75%": 0.9117262810468674,
        "90%": 1.4336865305900577,
        "size": 40
    },
    "m1/W3:0": {
        "_type": "numpy.ndarray",
        "var": 0.025386132299900055,
        "mean": -0.0024942171294242144,
        "min": -0.28406691551208496,
        "max": 0.28801581263542175,
        "10%": -0.22173480987548827,
        "25%": -0.1401384212076664,
        "75%": 0.136371448636055,
        "90%": 0.22218741476535797,
        "size": 1600
    },
    "m1/Variable_2:0": {
        "_type": "numpy.ndarray",
        "var": 1.0059179067611694,
        "mean": 0.0735500231385231,
        "min": -2.546086072921753,
        "max": 2.0261547565460205,
        "10%": -1.061602485179901,
        "25%": -0.5972316414117813,
        "75%": 0.8943964093923569,
        "90%": 1.388049626350403,
        "size": 40
    },
    "m1/W9:0": {
        "_type": "numpy.ndarray",
        "var": 0.05327631160616875,
        "mean": 0.030737977474927902,
        "min": -0.37644392251968384,
        "max": 0.36808598041534424,
        "10%": -0.29721048474311823,
        "25%": -0.16293688118457794,
        "75%": 0.24456235766410828,
        "90%": 0.3188196659088135,
        "size": 80
    },
    "m1/Variable_3:0": [
        -0.38283026218414307,
        -0.8042368292808533
    ]
}
