{
    "training Accuracy": 0.5530578484958815,
    "validation Accuracy": 0.5704129934310913,
    "validation l2_reg": 0.0,
    "_runtime": 35.80090355873108,
    "_timestamp": 1552972684.5846703,
    "_step": 22,
    "m1/W1:0": {
        "_type": "numpy.ndarray",
        "var": 0.026753827929496765,
        "mean": 0.005239390302449465,
        "min": -0.28084251284599304,
        "max": 0.2809475362300873,
        "10%": -0.2259499177336693,
        "25%": -0.1357862874865532,
        "75%": 0.14558235928416252,
        "90%": 0.22610296607017516,
        "size": 1440
    },
    "m1/Variable:0": {
        "_type": "numpy.ndarray",
        "var": 0.8717119097709656,
        "mean": -0.293576180934906,
        "min": -2.6476449966430664,
        "max": 2.337747812271118,
        "10%": -1.4107092142105102,
        "25%": -0.8237308412790298,
        "75%": 0.23577478155493736,
        "90%": 0.592058390378952,
        "size": 40
    },
    "m1/batch_normalization/gamma:0": {
        "_type": "numpy.ndarray",
        "var": 1.4074749969950062e-06,
        "mean": 0.9999637603759766,
        "min": 0.9976288080215454,
        "max": 1.0025206804275513,
        "10%": 0.9981965959072112,
        "25%": 0.9993014931678772,
        "75%": 1.0006554126739502,
        "90%": 1.0016942977905274,
        "size": 40
    },
    "m1/batch_normalization/beta:0": {
        "_type": "numpy.ndarray",
        "var": 1.264793127120356e-06,
        "mean": -3.174942685291171e-05,
        "min": -0.001989424228668213,
        "max": 0.00243069208227098,
        "10%": -0.0014750647358596324,
        "25%": -0.000970673470874317,
        "75%": 0.0006291253375820816,
        "90%": 0.0013560425955802206,
        "size": 40
    },
    "m1/W2:0": {
        "_type": "numpy.ndarray",
        "var": 0.025724584236741066,
        "mean": 0.0009464684990234673,
        "min": -0.27461081743240356,
        "max": 0.2731834650039673,
        "10%": -0.2257070004940033,
        "25%": -0.13747192546725273,
        "75%": 0.13779915124177933,
        "90%": 0.22354668825864796,
        "size": 1600
    },
    "m1/Variable_1:0": {
        "_type": "numpy.ndarray",
        "var": 1.187016248703003,
        "mean": 0.10426771640777588,
        "min": -3.3471696376800537,
        "max": 2.2095203399658203,
        "10%": -1.1870089411735534,
        "25%": -0.28189509361982346,
        "75%": 0.9989174902439117,
        "90%": 1.3202491641044616,
        "size": 40
    },
    "m1/batch_normalization_1/gamma:0": {
        "_type": "numpy.ndarray",
        "var": 3.9138672036642674e-06,
        "mean": 1.0001472234725952,
        "min": 0.9959278702735901,
        "max": 1.0039578676223755,
        "10%": 0.9974082171916961,
        "25%": 0.9988445490598679,
        "75%": 1.0015020072460175,
        "90%": 1.002788531780243,
        "size": 40
    },
    "m1/batch_normalization_1/beta:0": {
        "_type": "numpy.ndarray",
        "var": 4.347658432379831e-06,
        "mean": -8.413118484895676e-05,
        "min": -0.004720385652035475,
        "max": 0.00478692352771759,
        "10%": -0.002909111720509827,
        "25%": -0.0013933659647591412,
        "75%": 0.0014189540524967015,
        "90%": 0.001955410081427545,
        "size": 40
    },
    "m1/W3:0": {
        "_type": "numpy.ndarray",
        "var": 0.024886278435587883,
        "mean": -0.0031056830193847418,
        "min": -0.2750406265258789,
        "max": 0.27589908242225647,
        "10%": -0.2194903761148453,
        "25%": -0.14363062381744385,
        "75%": 0.13396141305565834,
        "90%": 0.2149006590247155,
        "size": 1600
    },
    "m1/Variable_2:0": {
        "_type": "numpy.ndarray",
        "var": 0.9224523305892944,
        "mean": 0.2412237673997879,
        "min": -2.205339193344116,
        "max": 2.1366074085235596,
        "10%": -1.0280490517616272,
        "25%": -0.4480869472026825,
        "75%": 0.8264543116092682,
        "90%": 1.418245947360993,
        "size": 40
    },
    "m1/batch_normalization_2/gamma:0": {
        "_type": "numpy.ndarray",
        "var": 6.961873623367865e-06,
        "mean": 1.0002944469451904,
        "min": 0.9947382211685181,
        "max": 1.0059645175933838,
        "10%": 0.9963831961154938,
        "25%": 0.9987368285655975,
        "75%": 1.001977115869522,
        "90%": 1.003690278530121,
        "size": 40
    },
    "m1/batch_normalization_2/beta:0": {
        "_type": "numpy.ndarray",
        "var": 8.330594937433489e-06,
        "mean": -0.0008976852404884994,
        "min": -0.0067161633633077145,
        "max": 0.0039340658113360405,
        "10%": -0.005115846451371908,
        "25%": -0.002965779334772378,
        "75%": 0.0013703537115361542,
        "90%": 0.00253422751557082,
        "size": 40
    },
    "m1/W4:0": {
        "_type": "numpy.ndarray",
        "var": 0.025208543986082077,
        "mean": 0.00048342402442358434,
        "min": -0.2756800055503845,
        "max": 0.2778003513813019,
        "10%": -0.216321063041687,
        "25%": -0.1389811486005783,
        "75%": 0.13438893109560013,
        "90%": 0.21855910420417787,
        "size": 1600
    },
    "m1/Variable_3:0": {
        "_type": "numpy.ndarray",
        "var": 1.0196892023086548,
        "mean": -0.2570239305496216,
        "min": -2.5662314891815186,
        "max": 1.5238804817199707,
        "10%": -1.5322421312332153,
        "25%": -1.1404193937778473,
        "75%": 0.39932961016893387,
        "90%": 1.0602153897285462,
        "size": 40
    },
    "m1/batch_normalization_3/gamma:0": {
        "_type": "numpy.ndarray",
        "var": 1.5754441847093403e-05,
        "mean": 1.000417709350586,
        "min": 0.9922487139701843,
        "max": 1.0073305368423462,
        "10%": 0.9939127206802367,
        "25%": 0.9979484975337982,
        "75%": 1.0033747255802155,
        "90%": 1.004844558238983,
        "size": 40
    },
    "m1/batch_normalization_3/beta:0": {
        "_type": "numpy.ndarray",
        "var": 1.5501111192861572e-05,
        "mean": 0.00033805068233050406,
        "min": -0.006485776510089636,
        "max": 0.0074945599772036076,
        "10%": -0.00520923095755279,
        "25%": -0.0023991139023564756,
        "75%": 0.00345642794854939,
        "90%": 0.006331995688378811,
        "size": 40
    },
    "m1/W5:0": {
        "_type": "numpy.ndarray",
        "var": 0.02641313523054123,
        "mean": -0.007453345227986574,
        "min": -0.2770504057407379,
        "max": 0.28019779920578003,
        "10%": -0.22839554995298386,
        "25%": -0.1526205837726593,
        "75%": 0.1352631151676178,
        "90%": 0.21828927248716373,
        "size": 1600
    },
    "m1/Variable_4:0": {
        "_type": "numpy.ndarray",
        "var": 1.0479471683502197,
        "mean": 0.09112091362476349,
        "min": -2.082425594329834,
        "max": 2.4093542098999023,
        "10%": -1.1239878058433532,
        "25%": -0.6822458356618881,
        "75%": 0.7392758280038834,
        "90%": 1.4676871061325076,
        "size": 40
    },
    "m1/batch_normalization_4/gamma:0": {
        "_type": "numpy.ndarray",
        "var": 2.3803882868378423e-05,
        "mean": 0.9968369603157043,
        "min": 0.991206169128418,
        "max": 1.0069217681884766,
        "10%": 0.9917403101921082,
        "25%": 0.9926039129495621,
        "75%": 1.0001459121704102,
        "90%": 1.0043056011199951,
        "size": 40
    },
    "m1/batch_normalization_4/beta:0": {
        "_type": "numpy.ndarray",
        "var": 0.00013029824185650796,
        "mean": -0.0016851183027029037,
        "min": -0.011983707547187805,
        "max": 0.011994516476988792,
        "10%": -0.011622335202991963,
        "25%": -0.011537776328623295,
        "75%": 0.011536196572706103,
        "90%": 0.011708534602075816,
        "size": 40
    },
    "m1/W9:0": {
        "_type": "numpy.ndarray",
        "var": 0.0453018881380558,
        "mean": 0.026593273505568504,