{
    "training Accuracy": 0.8351983459035273,
    "validation Accuracy": 0.8681259155273438,
    "validation l2_reg": 0.0,
    "_runtime": 4765.639481544495,
    "_timestamp": 1552879876.293793,
    "_step": 2099,
    "m1/W1:0": {
        "_type": "numpy.ndarray",
        "var": 0.06379947811365128,
        "mean": -0.001393608865328133,
        "min": -0.9196473956108093,
        "max": 1.1080442667007446,
        "10%": -0.28697843253612515,
        "25%": -0.11357671022415161,
        "75%": 0.09566749259829521,
        "90%": 0.29037502110004426,
        "size": 960
    },
    "m1/Variable:0": {
        "_type": "numpy.ndarray",
        "var": 0.8938838839530945,
        "mean": 0.026226121932268143,
        "min": -1.804779052734375,
        "max": 1.7939320802688599,
        "10%": -1.0003379106521606,
        "25%": -0.728392168879509,
        "75%": 0.6148453503847122,
        "90%": 1.5336740970611573,
        "size": 40
    },
    "m1/batch_normalization/gamma:0": {
        "_type": "numpy.ndarray",
        "var": 0.014813306741416454,
        "mean": 0.9735716581344604,
        "min": 0.7986719608306885,
        "max": 1.4616883993148804,
        "10%": 0.8359861433506012,
        "25%": 0.894108846783638,
        "75%": 1.0262247920036316,
        "90%": 1.0704870581626893,
        "size": 40
    },
    "m1/batch_normalization/beta:0": {
        "_type": "numpy.ndarray",
        "var": 0.013092607259750366,
        "mean": -0.013699349947273731,
        "min": -0.2348606288433075,
        "max": 0.20597054064273834,
        "10%": -0.15405067801475525,
        "25%": -0.09999112971127033,
        "75%": 0.08881578966975212,
        "90%": 0.13123650550842286,
        "size": 40
    },
    "m1/W2:0": {
        "_type": "numpy.ndarray",
        "var": 0.025178005918860435,
        "mean": -0.001382825430482626,
        "min": -0.5786485075950623,
        "max": 0.48507410287857056,
        "10%": -0.20659493654966354,
        "25%": -0.11293124780058861,
        "75%": 0.11768660135567188,
        "90%": 0.20079496204853067,
        "size": 1600
    },
    "m1/Variable_1:0": {
        "_type": "numpy.ndarray",
        "var": 0.9988935589790344,
        "mean": -0.25826582312583923,
        "min": -2.7687149047851562,
        "max": 2.299934148788452,
        "10%": -1.4737591862678527,
        "25%": -0.7807645201683044,
        "75%": 0.3516417145729065,
        "90%": 0.79947367310524,
        "size": 40
    },
    "m1/batch_normalization_1/gamma:0": {
        "_type": "numpy.ndarray",
        "var": 0.021694241091609,
        "mean": 0.931553840637207,
        "min": 0.6291041374206543,
        "max": 1.173771619796753,
        "10%": 0.7318459868431092,
        "25%": 0.8119160234928131,
        "75%": 1.0324415862560272,
        "90%": 1.1120961785316468,
        "size": 40
    },
    "m1/batch_normalization_1/beta:0": {
        "_type": "numpy.ndarray",
        "var": 0.02588069997727871,
        "mean": -0.0019392489921301603,
        "min": -0.301159530878067,
        "max": 0.3572639226913452,
        "10%": -0.17443439215421674,
        "25%": -0.1087210364639759,
        "75%": 0.09680027700960636,
        "90%": 0.2602412104606629,
        "size": 40
    },
    "m1/W3:0": {
        "_type": "numpy.ndarray",
        "var": 0.02479936182498932,
        "mean": 0.002176879905164242,
        "min": -0.6127782464027405,
        "max": 0.6482925415039062,
        "10%": -0.1921130210161209,
        "25%": -0.10733541660010815,
        "75%": 0.11196069978177547,
        "90%": 0.2093881905078891,
        "size": 1600
    },
    "m1/Variable_2:0": {
        "_type": "numpy.ndarray",
        "var": 1.2473063468933105,
        "mean": 0.48922085762023926,
        "min": -1.7911666631698608,
        "max": 3.151104211807251,
        "10%": -0.7303816020488739,
        "25%": -0.47543903440237045,
        "75%": 1.1042969226837158,
        "90%": 1.9347970366477971,
        "size": 40
    },
    "m1/batch_normalization_2/gamma:0": {
        "_type": "numpy.ndarray",
        "var": 0.012474389746785164,
        "mean": 0.973171055316925,
        "min": 0.798349142074585,
        "max": 1.2481049299240112,
        "10%": 0.8508353412151337,
        "25%": 0.8906582295894623,
        "75%": 1.036514163017273,
        "90%": 1.1084803342819214,
        "size": 40
    },
    "m1/batch_normalization_2/beta:0": {
        "_type": "numpy.ndarray",
        "var": 0.04782414436340332,
        "mean": -0.006290914956480265,
        "min": -0.5620859265327454,
        "max": 0.5290833711624146,
        "10%": -0.264844959974289,
        "25%": -0.12843213602900505,
        "75%": 0.1034468561410904,
        "90%": 0.3064896881580353,
        "size": 40
    },
    "m1/W4:0": {
        "_type": "numpy.ndarray",
        "var": 0.026479769498109818,
        "mean": -0.0028655454516410828,
        "min": -0.9683565497398376,
        "max": 0.5032064914703369,
        "10%": -0.20632794350385664,
        "25%": -0.10802271030843258,
        "75%": 0.11642216332256794,
        "90%": 0.1998115345835686,
        "size": 1600
    },
    "m1/Variable_3:0": {
        "_type": "numpy.ndarray",
        "var": 0.8126645088195801,
        "mean": 0.36764615774154663,
        "min": -1.6230924129486084,
        "max": 2.2656984329223633,
        "10%": -0.7778727293014527,
        "25%": -0.13402640260756016,
        "75%": 0.8851047903299332,
        "90%": 1.8227145791053772,
        "size": 40
    },
    "m1/batch_normalization_3/gamma:0": {
        "_type": "numpy.ndarray",
        "var": 0.05914884805679321,
        "mean": 0.9553268551826477,
        "min": 0.38870513439178467,
        "max": 1.7975852489471436,
        "10%": 0.6562199652194978,
        "25%": 0.8609346002340317,
        "75%": 1.0721452236175537,
        "90%": 1.1509294271469117,
        "size": 40
    },
    "m1/batch_normalization_3/beta:0": {
        "_type": "numpy.ndarray",
        "var": 0.3473333716392517,
        "mean": -0.35171884298324585,
        "min": -1.3217476606369019,
        "max": 0.9572675228118896,
        "10%": -1.0651546239852905,
        "25%": -0.7506782859563828,
        "75%": -0.01124099874868989,
        "90%": 0.47677341401577034,
        "size": 40
    },
    "m1/W5:0": {
        "_type": "numpy.ndarray",
        "var": 0.0832890123128891,
        "mean": -0.08384128659963608,
        "min": -1.3102819919586182,
        "max": 0.9028180241584778,
        "10%": -0.4252720028162002,
        "25%": -0.24650201573967934,
        "75%": 0.12473033554852009,
        "90%": 0.24510501176118865,
        "size": 1600
    },
    "m1/Variable_4:0": {
        "_type": "numpy.ndarray",
        "var": 0.7215933799743652,
        "mean": 0.7532250881195068,
        "min": -0.6247616410255432,
        "max": 3.206394672393799,
        "10%": -0.15535885244607917,
        "25%": 0.03147293999791145,
        "75%": 1.2130039632320404,
        "90%": 1.877801835536957,
        "size": 40
    },
    "m1/batch_normalization_4/gamma:0": {
        "_type": "numpy.ndarray",
        "var": 0.00040021663880907,
        "mean": 12.882657051086426,
        "min": 12.814536094665527,
        "max": 12.904252052307129,
        "10%": 12.860479545593261,
        "25%": 12.874139547348022,
        "75%": 12.896491050720215,
        "90%": 12.900098037719726,
        "size": 40
    },
    "m1/batch_normalization_4/beta:0": {
        "_type": "numpy.ndarray",
        "var": 3.245058536529541,
        "mean": -0.1896028220653534,
        "min": -1.9875390529632568,
        "max": 1.9725415706634521,
        "10%": -1.8846060037612915,
        "25%": -1.8346060812473297,
        "75%": 1.774585783481598,
        "90%": 1.8972655534744263,
        "size": 40
    },
    "m1/W9:0": {
        "_type": "numpy.ndarray",
        "var": 141.91026306152344,
        "mean": 1.2072389125823975,
        "min": -12.248618125915527,
        "max": 12.214160919189453,
        "10%": -12.197320556640625,