{
    "training Accuracy": 0.5165619834610921,
    "validation Accuracy": 1.0,
    "validation l2_reg": 0.0,
    "_runtime": 185.63158249855042,
    "_timestamp": 1552874745.0353718,
    "_step": 73,
    "m1/W1:0": {
        "_type": "numpy.ndarray",
        "var": 0.09340523928403854,
        "mean": -0.039602287113666534,
        "min": -0.7988010048866272,
        "max": 0.8450925946235657,
        "10%": -0.4332706749439239,
        "25%": -0.23437119647860527,
        "75%": 0.15620926767587662,
        "90%": 0.285894250869751,
        "size": 960
    },
    "m1/Variable:0": {
        "_type": "numpy.ndarray",
        "var": 0.8658239245414734,
        "mean": 0.22105130553245544,
        "min": -2.010655403137207,
        "max": 2.436084508895874,
        "10%": -0.9513775110244751,
        "25%": -0.2678618058562279,
        "75%": 0.923055499792099,
        "90%": 1.197534501552582,
        "size": 40
    },
    "m1/W2:0": {
        "_type": "numpy.ndarray",
        "var": 0.07457882910966873,
        "mean": 0.11475683003664017,
        "min": -0.3032960891723633,
        "max": 0.8167483806610107,
        "10%": -0.20685477554798126,
        "25%": -0.10086160525679588,
        "75%": 0.24698326364159584,
        "90%": 0.5725640594959259,
        "size": 1600
    },
    "m1/Variable_1:0": {
        "_type": "numpy.ndarray",
        "var": 1.1730924844741821,
        "mean": 0.09811412543058395,
        "min": -2.063814401626587,
        "max": 2.4265756607055664,
        "10%": -1.2493161678314209,
        "25%": -0.5870166569948196,
        "75%": 1.0596058368682861,
        "90%": 1.414657998085022,
        "size": 40
    },
    "m1/W3:0": {
        "_type": "numpy.ndarray",
        "var": 0.0719364583492279,
        "mean": 0.1236899122595787,
        "min": -0.29151079058647156,
        "max": 0.8131152987480164,
        "10%": -0.2033484682440758,
        "25%": -0.09510122984647751,
        "75%": 0.26340392231941223,
        "90%": 0.5352646112442019,
        "size": 1600
    },
    "m1/Variable_2:0": {
        "_type": "numpy.ndarray",
        "var": 1.126094102859497,
        "mean": 0.025828605517745018,
        "min": -2.0212600231170654,
        "max": 3.270371198654175,
        "10%": -1.3516554474830627,
        "25%": -0.5908861309289932,
        "75%": 0.7401748150587082,
        "90%": 1.1824908018112184,
        "size": 40
    },
    "m1/W9:0": {
        "_type": "numpy.ndarray",
        "var": 0.09159962832927704,
        "mean": -0.25555142760276794,
        "min": -0.7656340599060059,
        "max": 0.3004903197288513,
        "10%": -0.619772869348526,
        "25%": -0.5286993384361267,
        "75%": -0.006047245231457055,
        "90%": 0.16984202712774288,
        "size": 80
    },
    "m1/Variable_3:0": [
        -0.5172034502029419,
        -0.008123411796987057
    ]
}
