{
    "training Accuracy": 0.5400826446527218,
    "validation Accuracy": 1.0,
    "validation l2_reg": 0.0,
    "_runtime": 1074.9433844089508,
    "_timestamp": 1552874543.0480943,
    "_step": 430,
    "m1/W1:0": {
        "_type": "numpy.ndarray",
        "var": 2.5089778900146484,
        "mean": -0.18581168353557587,
        "min": -3.8986077308654785,
        "max": 3.9594011306762695,
        "10%": -3.042763113975525,
        "25%": -0.2461867295205593,
        "75%": 0.1576858013868332,
        "90%": 0.2956166326999664,
        "size": 1120
    },
    "m1/Variable:0": {
        "_type": "numpy.ndarray",
        "var": 5.468818187713623,
        "mean": 1.745897650718689,
        "min": -1.4758716821670532,
        "max": 5.607664585113525,
        "10%": -0.8876553297042846,
        "25%": -0.29071784764528275,
        "75%": 3.994272291660309,
        "90%": 5.1086493015289305,
        "size": 40
    },
    "m1/W2:0": {
        "_type": "numpy.ndarray",
        "var": 1.8929787874221802,
        "mean": 0.5811561346054077,
        "min": -0.3232569992542267,
        "max": 4.001054286956787,
        "10%": -0.21331744641065598,
        "25%": -0.1258995421230793,
        "75%": 0.20452193915843964,
        "90%": 3.6386194705963137,
        "size": 1600
    },
    "m1/Variable_1:0": {
        "_type": "numpy.ndarray",
        "var": 3.3860912322998047,
        "mean": 1.5945619344711304,
        "min": -1.9207435846328735,
        "max": 4.8928914070129395,
        "10%": -0.519193685054779,
        "25%": 0.025588088668882847,
        "75%": 3.1530309915542603,
        "90%": 4.148015451431275,
        "size": 40
    },
    "m1/W3:0": {
        "_type": "numpy.ndarray",
        "var": 1.516535997390747,
        "mean": 0.46030116081237793,
        "min": -0.3380485773086548,
        "max": 4.0070576667785645,
        "10%": -0.21080107986927032,
        "25%": -0.12753178924322128,
        "75%": 0.187904492020607,
        "90%": 3.459678769111634,
        "size": 1600
    },
    "m1/Variable_2:0": {
        "_type": "numpy.ndarray",
        "var": 4.441703796386719,
        "mean": 1.3463681936264038,
        "min": -1.3215821981430054,
        "max": 5.5118408203125,
        "10%": -0.7809206902980804,
        "25%": -0.40910516679286957,
        "75%": 3.211008071899414,
        "90%": 4.943065261840821,
        "size": 40
    },
    "m1/W9:0": {
        "_type": "numpy.ndarray",
        "var": 1.768747329711914,
        "mean": -0.8698844909667969,
        "min": -2.957648515701294,
        "max": 0.3735934793949127,
        "10%": -2.88161199092865,
        "25%": -2.5866347551345825,
        "75%": 0.1421884447336197,
        "90%": 0.3038133651018144,
        "size": 80
    },
    "m1/Variable_3:0": [
        -2.520707845687866,
        -2.2521755695343018
    ]
}
