{
    "training Accuracy": 0.96139865770391,
    "validation Accuracy": 0.9366834166660982,
    "_runtime": 2303.631406068802,
    "_timestamp": 1552976291.1988893,
    "_step": 149
}
