{
    "1st Training Error": 1.8210795184304895,
    "1st Validation Error": 0.5526858568191528,
    "_runtime": 766.6539561748505,
    "_timestamp": 1552918774.9041877,
    "_step": 437,
    "m1/W1_1st:0": {
        "_type": "numpy.ndarray",
        "var": 0.020733894780278206,
        "mean": 8.575220999773592e-05,
        "min": -0.3377293050289154,
        "max": 0.3343401849269867,
        "10%": -0.19069143980741501,
        "25%": -0.11527928523719311,
        "75%": 0.11505649425089359,
        "90%": 0.19742513895034797,
        "size": 1440
    },
    "m1/Variable:0": {
        "_type": "numpy.ndarray",
        "var": 0.9666134119033813,
        "mean": 0.14230266213417053,
        "min": -2.1930530071258545,
        "max": 2.258545398712158,
        "10%": -1.1188501358032226,
        "25%": -0.4745155796408653,
        "75%": 0.7883700281381607,
        "90%": 1.4437125921249392,
        "size": 80
    },
    "m1/batch_normalization/gamma:0": {
        "_type": "numpy.ndarray",
        "var": 0.0006994983996264637,
        "mean": 1.0010379552841187,
        "min": 0.9299501776695251,
        "max": 1.060752511024475,
        "10%": 0.9715315520763398,
        "25%": 0.9820162653923035,
        "75%": 1.0168496072292328,
        "90%": 1.03827520608902,
        "size": 80
    },
    "m1/batch_normalization/beta:0": {
        "_type": "numpy.ndarray",
        "var": 0.0022169374860823154,
        "mean": -0.010190377943217754,
        "min": -0.13193894922733307,
        "max": 0.09528890252113342,
        "10%": -0.06321043446660041,
        "25%": -0.04232483450323343,
        "75%": 0.024879530537873507,
        "90%": 0.05235435403883458,
        "size": 80
    },
    "m1/W2_1st:0": {
        "_type": "numpy.ndarray",
        "var": 0.012836406007409096,
        "mean": -0.0025948018301278353,
        "min": -0.2862699329853058,
        "max": 0.2708469033241272,
        "10%": -0.15584771484136584,
        "25%": -0.0996231883764267,
        "75%": 0.09338410943746567,
        "90%": 0.15171463042497635,
        "size": 6400
    },
    "m1/Variable_1:0": {
        "_type": "numpy.ndarray",
        "var": 0.8795183300971985,
        "mean": 0.08497690409421921,
        "min": -2.248541831970215,
        "max": 2.1873834133148193,
        "10%": -1.032299566268921,
        "25%": -0.49951620399951935,
        "75%": 0.6386996358633041,
        "90%": 1.4636125802993778,
        "size": 80
    },
    "m1/batch_normalization_1/gamma:0": {
        "_type": "numpy.ndarray",
        "var": 0.0008740379707887769,
        "mean": 0.9976757764816284,
        "min": 0.9275456070899963,
        "max": 1.0685497522354126,
        "10%": 0.9651638746261597,
        "25%": 0.9810583740472794,
        "75%": 1.0121893882751465,
        "90%": 1.0382955908775329,
        "size": 80
    },
    "m1/batch_normalization_1/beta:0": {
        "_type": "numpy.ndarray",
        "var": 0.0020969808101654053,
        "mean": 0.0106971962377429,
        "min": -0.11884322762489319,
        "max": 0.11620564758777618,
        "10%": -0.04827041812241077,
        "25%": -0.025381873827427626,
        "75%": 0.04020590241998434,
        "90%": 0.0745424456894398,
        "size": 80
    },
    "m1/W3_1st:0": {
        "_type": "numpy.ndarray",
        "var": 0.012734944932162762,
        "mean": 0.002217204077169299,
        "min": -0.2948249578475952,
        "max": 0.2611355781555176,
        "10%": -0.1506604567170143,
        "25%": -0.0904446691274643,
        "75%": 0.09795205108821392,
        "90%": 0.15257324427366256,
        "size": 6400
    },
    "m1/Variable_2:0": {
        "_type": "numpy.ndarray",
        "var": 0.9929347038269043,
        "mean": 0.17478947341442108,
        "min": -2.103849411010742,
        "max": 2.3769803047180176,
        "10%": -1.2448073625564575,
        "25%": -0.5314793139696121,
        "75%": 0.9494572728872299,
        "90%": 1.343980157375336,
        "size": 80
    },
    "m1/batch_normalization_2/gamma:0": {
        "_type": "numpy.ndarray",
        "var": 0.0012857187539339066,
        "mean": 0.9958379864692688,
        "min": 0.8211508989334106,
        "max": 1.0840519666671753,
        "10%": 0.9550069332122803,
        "25%": 0.9777708798646927,
        "75%": 1.0173616409301758,
        "90%": 1.0327297568321228,
        "size": 80
    },
    "m1/batch_normalization_2/beta:0": {
        "_type": "numpy.ndarray",
        "var": 0.0021185283549129963,
        "mean": -0.001819057040847838,
        "min": -0.11435052752494812,
        "max": 0.10066536068916321,
        "10%": -0.06424718424677849,
        "25%": -0.032518064603209496,
        "75%": 0.03669605124741793,
        "90%": 0.05477719753980639,
        "size": 80
    },
    "m1/W4_1st:0": {
        "_type": "numpy.ndarray",
        "var": 0.012738189660012722,
        "mean": -0.00045793241588398814,
        "min": -0.3057071268558502,
        "max": 0.27808699011802673,
        "10%": -0.15171248018741607,
        "25%": -0.09401515312492847,
        "75%": 0.09375321865081787,
        "90%": 0.15123999565839777,
        "size": 6400
    },
    "m1/Variable_3:0": {
        "_type": "numpy.ndarray",
        "var": 0.9139938354492188,
        "mean": 0.13687816262245178,
        "min": -2.0154504776000977,
        "max": 2.0688304901123047,
        "10%": -1.1138326764106752,
        "25%": -0.48711320012807846,
        "75%": 0.7541888058185577,
        "90%": 1.4416549086570747,
        "size": 80
    },
    "m1/batch_normalization_3/gamma:0": {
        "_type": "numpy.ndarray",
        "var": 0.0020912797190248966,
        "mean": 1.0017756223678589,
        "min": 0.8810047507286072,
        "max": 1.120970606803894,
        "10%": 0.9369069874286652,
        "25%": 0.9758734405040741,
        "75%": 1.0291112065315247,
        "90%": 1.059037184715271,
        "size": 80
    },
    "m1/batch_normalization_3/beta:0": {
        "_type": "numpy.ndarray",
        "var": 0.002852985169738531,
        "mean": 0.005943553987890482,
        "min": -0.12502779066562653,
        "max": 0.10811010003089905,
        "10%": -0.07340223938226699,
        "25%": -0.03160330280661583,
        "75%": 0.04992997832596302,
        "90%": 0.07727173641324044,
        "size": 80
    },
    "m1/W5_1st:0": {
        "_type": "numpy.ndarray",
        "var": 0.013005477376282215,
        "mean": 0.0008325960952788591,
        "min": -0.3832015097141266,
        "max": 0.311707079410553,
        "10%": -0.15093553066253662,
        "25%": -0.09024547971785069,
        "75%": 0.09360062144696712,
        "90%": 0.15189988315105438,
        "size": 6400
    },
    "m1/Variable_4:0": {
        "_type": "numpy.ndarray",
        "var": 1.0431790351867676,
        "mean": -0.056124161928892136,
        "min": -2.677363872528076,
        "max": 2.1127219200134277,
        "10%": -1.3280963778495787,
        "25%": -0.6710603833198547,
        "75%": 0.7355746328830719,
        "90%": 1.2683388710021977,
        "size": 80
    },
    "m1/batch_normalization_4/gamma:0": {
        "_type": "numpy.ndarray",
        "var": 0.0021100302692502737,
        "mean": 0.9934210777282715,
        "min": 0.8639204502105713,
        "max": 1.1134356260299683,
        "10%": 0.9383149385452271,
        "25%": 0.9611872434616089,
        "75%": 1.0294384956359863,
        "90%": 1.046757209300995,
        "size": 80
    },
    "m1/batch_normalization_4/beta:0": {
        "_type": "numpy.ndarray",
        "var": 0.023237071931362152,
        "mean": -0.02927684411406517,
        "min": -0.2999939024448395,
        "max": 0.3153412342071533,
        "10%": -0.2199367731809616,
        "25%": -0.1437348872423172,
        "75%": 0.10411816276609898,
        "90%": 0.1807838171720505,
        "size": 80
    },
    "m1/W6_1st:0": {
        "_type": "numpy.ndarray",
        "var": 0.014478295110166073,
        "mean": -0.008209341205656528,
        "min": -0.5152118802070618,