{
    "training Accuracy": 0.737148760813329,
    "validation Accuracy": 0.7400670647621155,
    "validation l2_reg": 0.0,
    "_runtime": 46.01366591453552,
    "_timestamp": 1552961407.385064,
    "_step": 28,
    "m1/W1:0": {
        "_type": "numpy.ndarray",
        "var": 0.027190616354346275,
        "mean": -0.010253340937197208,
        "min": -0.28094810247421265,
        "max": 0.28006160259246826,
        "10%": -0.23248044550418853,
        "25%": -0.15201442688703537,
        "75%": 0.13391555100679398,
        "90%": 0.22837329357862482,
        "size": 1440
    },
    "m1/Variable:0": {
        "_type": "numpy.ndarray",
        "var": 0.7020584344863892,
        "mean": 0.14998944103717804,
        "min": -1.6506602764129639,
        "max": 1.8990901708602905,
        "10%": -0.7843172252178192,
        "25%": -0.34161584079265594,
        "75%": 0.7980123609304428,
        "90%": 1.322254860401154,
        "size": 40
    },
    "m1/batch_normalization/gamma:0": {
        "_type": "numpy.ndarray",
        "var": 2.457470600347733e-07,
        "mean": 0.9998576045036316,
        "min": 0.998847246170044,
        "max": 1.000977873802185,
        "10%": 0.999224489927292,
        "25%": 0.9995357692241669,
        "75%": 1.0001990795135498,
        "90%": 1.0004531502723695,
        "size": 40
    },
    "m1/batch_normalization/beta:0": {
        "_type": "numpy.ndarray",
        "var": 5.494357537827455e-07,
        "mean": 0.00018688617274165154,
        "min": -0.0016905810916796327,
        "max": 0.0014573317021131516,
        "10%": -0.0008377961290534585,
        "25%": -0.00022607180289924145,
        "75%": 0.0006468006904469803,
        "90%": 0.0009958916343748572,
        "size": 40
    },
    "m1/W2:0": {
        "_type": "numpy.ndarray",
        "var": 0.024832110852003098,
        "mean": -0.004296038765460253,
        "min": -0.27528825402259827,
        "max": 0.27356380224227905,
        "10%": -0.22392108291387558,
        "25%": -0.14115898311138153,
        "75%": 0.1315699964761734,
        "90%": 0.2149273961782456,
        "size": 1600
    },
    "m1/Variable_1:0": {
        "_type": "numpy.ndarray",
        "var": 1.133533000946045,
        "mean": 0.17972706258296967,
        "min": -2.4477193355560303,
        "max": 1.8736474514007568,
        "10%": -1.2718825101852418,
        "25%": -0.49145571887493134,
        "75%": 1.0544015169143677,
        "90%": 1.5568816423416139,
        "size": 40
    },
    "m1/batch_normalization_1/gamma:0": {
        "_type": "numpy.ndarray",
        "var": 1.128149961004965e-06,
        "mean": 1.0000464916229248,
        "min": 0.9979499578475952,
        "max": 1.0026555061340332,
        "10%": 0.998598575592041,
        "25%": 0.9994352906942368,
        "75%": 1.0006109476089478,
        "90%": 1.001301431655884,
        "size": 40
    },
    "m1/batch_normalization_1/beta:0": {
        "_type": "numpy.ndarray",
        "var": 1.3536522374124615e-06,
        "mean": -2.6586387321003713e-05,
        "min": -0.0031370949000120163,
        "max": 0.002128985710442066,
        "10%": -0.0011836638208478688,
        "25%": -0.0008281529590021819,
        "75%": 0.0008055491780396551,
        "90%": 0.0012569395126774917,
        "size": 40
    },
    "m1/W3:0": {
        "_type": "numpy.ndarray",
        "var": 0.02488837204873562,
        "mean": 0.00030301554943434894,
        "min": -0.2771363854408264,
        "max": 0.27663421630859375,
        "10%": -0.21921878904104233,
        "25%": -0.1381177194416523,
        "75%": 0.1330798678100109,
        "90%": 0.21897656172513988,
        "size": 1600
    },
    "m1/Variable_2:0": {
        "_type": "numpy.ndarray",
        "var": 1.2965199947357178,
        "mean": 0.15165303647518158,
        "min": -2.629577398300171,
        "max": 2.5059123039245605,
        "10%": -1.3371535778045653,
        "25%": -0.6424041241407394,
        "75%": 0.8385741114616394,
        "90%": 1.5260199069976812,
        "size": 40
    },
    "m1/batch_normalization_2/gamma:0": {
        "_type": "numpy.ndarray",
        "var": 2.1884202396904584e-06,
        "mean": 1.0000909566879272,
        "min": 0.9964812397956848,
        "max": 1.0035226345062256,
        "10%": 0.998476094007492,
        "25%": 0.9992622286081314,
        "75%": 1.0008519887924194,
        "90%": 1.0018072724342346,
        "size": 40
    },
    "m1/batch_normalization_2/beta:0": {
        "_type": "numpy.ndarray",
        "var": 3.5186760669603245e-06,
        "mean": 0.00015822974091861397,
        "min": -0.0046178121119737625,
        "max": 0.003438932355493307,
        "10%": -0.001980981568340212,
        "25%": -0.0009997091547120363,
        "75%": 0.001650716527365148,
        "90%": 0.002743478887714446,
        "size": 40
    },
    "m1/W4:0": {
        "_type": "numpy.ndarray",
        "var": 0.025372562929987907,
        "mean": -0.00021260585344862193,
        "min": -0.2761404514312744,
        "max": 0.27448564767837524,
        "10%": -0.2225576803088188,
        "25%": -0.1377398632466793,
        "75%": 0.13910749182105064,
        "90%": 0.22303532361984263,
        "size": 1600
    },
    "m1/Variable_3:0": {
        "_type": "numpy.ndarray",
        "var": 1.0175594091415405,
        "mean": -0.2957862913608551,
        "min": -2.368211269378662,
        "max": 1.3929954767227173,
        "10%": -1.9383806586265564,
        "25%": -0.9005308002233505,
        "75%": 0.5208474695682526,
        "90%": 0.8588050663471223,
        "size": 40
    },
    "m1/batch_normalization_3/gamma:0": {
        "_type": "numpy.ndarray",
        "var": 6.726061656081583e-06,
        "mean": 1.000483512878418,
        "min": 0.9936269521713257,
        "max": 1.0053914785385132,
        "10%": 0.9974387645721435,
        "25%": 0.9995535016059875,
        "75%": 1.0019080340862274,
        "90%": 1.003648829460144,
        "size": 40
    },
    "m1/batch_normalization_3/beta:0": {
        "_type": "numpy.ndarray",
        "var": 9.160192348645069e-06,
        "mean": 0.0003998729516752064,
        "min": -0.006186466198414564,
        "max": 0.0069322241470217705,
        "10%": -0.002638437855057418,
        "25%": -0.0016592884785495698,
        "75%": 0.003107747354079038,
        "90%": 0.004366386169567704,
        "size": 40
    },
    "m1/W5:0": {
        "_type": "numpy.ndarray",
        "var": 0.024524688720703125,
        "mean": -0.0024403193965554237,
        "min": -0.2750094532966614,
        "max": 0.27772724628448486,
        "10%": -0.21690451055765153,
        "25%": -0.13777829334139824,
        "75%": 0.13154195249080658,
        "90%": 0.2132820412516594,
        "size": 1600
    },
    "m1/Variable_4:0": {
        "_type": "numpy.ndarray",
        "var": 1.0209262371063232,
        "mean": -0.1503455638885498,
        "min": -3.0247747898101807,
        "max": 1.8661320209503174,
        "10%": -1.4168181896209715,
        "25%": -0.8100133091211319,
        "75%": 0.5098874494433403,
        "90%": 1.00634902715683,
        "size": 40
    },
    "m1/batch_normalization_4/gamma:0": {
        "_type": "numpy.ndarray",
        "var": 1.9591130694607273e-05,
        "mean": 0.9987205266952515,
        "min": 0.9921613335609436,
        "max": 1.007615327835083,
        "10%": 0.9933655142784119,
        "25%": 0.9947396963834763,
        "75%": 1.002393513917923,
        "90%": 1.0050968647003173,
        "size": 40
    },
    "m1/batch_normalization_4/beta:0": {
        "_type": "numpy.ndarray",
        "var": 0.00012979350867681205,
        "mean": -0.0013627323787659407,
        "min": -0.012583651579916477,
        "max": 0.011513378471136093,
        "10%": -0.011686038598418236,
        "25%": -0.011570326052606106,
        "75%": 0.011414543958380818,
        "90%": 0.011466074269264936,
        "size": 40
    },
    "m1/W9:0": {
        "_type": "numpy.ndarray",
        "var": 0.043959472328424454,