{
    "1st Training Error": 4.456440967961774,
    "1st Validation Error": 3.8739306926727295,
    "_runtime": 53.96683669090271,
    "_timestamp": 1552917850.7482238,
    "_step": 37,
    "m1/W1_1st:0": {
        "_type": "numpy.ndarray",
        "var": 0.020241208374500275,
        "mean": -0.002782100345939398,
        "min": -0.25336191058158875,
        "max": 0.25128164887428284,
        "10%": -0.20231109261512756,
        "25%": -0.12799232453107834,
        "75%": 0.11670650728046894,
        "90%": 0.1942496404051782,
        "size": 1440
    },
    "m1/Variable:0": {
        "_type": "numpy.ndarray",
        "var": 0.8086020350456238,
        "mean": 0.0574239119887352,
        "min": -2.403787136077881,
        "max": 2.167249917984009,
        "10%": -0.9910804331302643,
        "25%": -0.44781284779310226,
        "75%": 0.5928561240434647,
        "90%": 1.3199196100235007,
        "size": 80
    },
    "m1/batch_normalization/gamma:0": {
        "_type": "numpy.ndarray",
        "var": 1.540242192277219e-05,
        "mean": 1.0003070831298828,
        "min": 0.9912129044532776,
        "max": 1.009652018547058,
        "10%": 0.9954665124416352,
        "25%": 0.996984988451004,
        "75%": 1.0026971995830536,
        "90%": 1.005565595626831,
        "size": 80
    },
    "m1/batch_normalization/beta:0": {
        "_type": "numpy.ndarray",
        "var": 1.7458087313571014e-05,
        "mean": 0.0005230808747000992,
        "min": -0.008147184737026691,
        "max": 0.008245157077908516,
        "10%": -0.005547451181337237,
        "25%": -0.0028275189106352627,
        "75%": 0.003808718523941934,
        "90%": 0.0059118061792105435,
        "size": 80
    },
    "m1/W2_1st:0": {
        "_type": "numpy.ndarray",
        "var": 0.012698323465883732,
        "mean": -0.0009398700785823166,
        "min": -0.20016850531101227,
        "max": 0.20159964263439178,
        "10%": -0.15625542998313904,
        "25%": -0.0992425587028265,
        "75%": 0.09758892841637135,
        "90%": 0.15535060167312623,
        "size": 6400
    },
    "m1/Variable_1:0": {
        "_type": "numpy.ndarray",
        "var": 0.7438269853591919,
        "mean": 0.024690687656402588,
        "min": -2.013176441192627,
        "max": 1.7121217250823975,
        "10%": -1.0199127912521362,
        "25%": -0.5276981741189957,
        "75%": 0.5112836062908173,
        "90%": 1.2979388356208803,
        "size": 80
    },
    "m1/batch_normalization_1/gamma:0": {
        "_type": "numpy.ndarray",
        "var": 2.4676730390638113e-05,
        "mean": 1.0000276565551758,
        "min": 0.9897178411483765,
        "max": 1.0097471475601196,
        "10%": 0.9932321846485138,
        "25%": 0.9961141794919968,
        "75%": 1.0039609968662262,
        "90%": 1.0069759130477904,
        "size": 80
    },
    "m1/batch_normalization_1/beta:0": {
        "_type": "numpy.ndarray",
        "var": 1.4535928130499087e-05,
        "mean": -0.0005541268619708717,
        "min": -0.007590879686176777,
        "max": 0.00840751826763153,
        "10%": -0.005389996711164713,
        "25%": -0.003937532193958759,
        "75%": 0.002352954528760165,
        "90%": 0.0043638880364596875,
        "size": 80
    },
    "m1/W3_1st:0": {
        "_type": "numpy.ndarray",
        "var": 0.012560638599097729,
        "mean": 0.0007528457208536565,
        "min": -0.20319347083568573,
        "max": 0.2025197446346283,
        "10%": -0.15481400191783906,
        "25%": -0.09680717997252941,
        "75%": 0.09935169480741024,
        "90%": 0.15398011207580567,
        "size": 6400
    },
    "m1/Variable_2:0": {
        "_type": "numpy.ndarray",
        "var": 0.8565052151679993,
        "mean": -0.03233696520328522,
        "min": -1.734865665435791,
        "max": 2.7292768955230713,
        "10%": -1.1249950528144836,
        "25%": -0.6810226887464523,
        "75%": 0.5642903298139572,
        "90%": 1.1622620820999148,
        "size": 80
    },
    "m1/batch_normalization_2/gamma:0": {
        "_type": "numpy.ndarray",
        "var": 3.800888589466922e-05,
        "mean": 0.9994401931762695,
        "min": 0.9898971319198608,
        "max": 1.0127441883087158,
        "10%": 0.9921716153621674,
        "25%": 0.9938182830810547,
        "75%": 1.0040243566036224,
        "90%": 1.0089396595954896,
        "size": 80
    },
    "m1/batch_normalization_2/beta:0": {
        "_type": "numpy.ndarray",
        "var": 3.181269858032465e-05,
        "mean": 0.0007648026803508401,
        "min": -0.010289836674928665,
        "max": 0.010441862978041172,
        "10%": -0.006783910095691681,
        "25%": -0.0042177609866485,
        "75%": 0.005700386711396277,
        "90%": 0.007921661436557773,
        "size": 80
    },
    "m1/W4_1st:0": {
        "_type": "numpy.ndarray",
        "var": 0.012437261641025543,
        "mean": -0.0015551905380561948,
        "min": -0.20153185725212097,
        "max": 0.20367710292339325,
        "10%": -0.1554594323039055,
        "25%": -0.09784850291907787,
        "75%": 0.09442968852818012,
        "90%": 0.1541385889053345,
        "size": 6400
    },
    "m1/Variable_3:0": {
        "_type": "numpy.ndarray",
        "var": 1.1517114639282227,
        "mean": 0.020061051473021507,
        "min": -2.631213426589966,
        "max": 2.6751809120178223,
        "10%": -1.2663101315498353,
        "25%": -0.5823194831609726,
        "75%": 0.5590265393257141,
        "90%": 1.3319689750671388,
        "size": 80
    },
    "m1/batch_normalization_3/gamma:0": {
        "_type": "numpy.ndarray",
        "var": 3.8543115806533024e-05,
        "mean": 1.0050861835479736,
        "min": 0.9904370307922363,
        "max": 1.0134220123291016,
        "10%": 0.9958138942718506,
        "25%": 0.9993035346269608,
        "75%": 1.0104466080665588,
        "90%": 1.0122875571250916,
        "size": 80
    },
    "m1/batch_normalization_3/beta:0": {
        "_type": "numpy.ndarray",
        "var": 2.4473183657391928e-05,
        "mean": -0.0011957616079598665,
        "min": -0.008783754892647266,
        "max": 0.008116153068840504,
        "10%": -0.00704231383278966,
        "25%": -0.005698829190805554,
        "75%": 0.0023078026715666056,
        "90%": 0.006191854318603874,
        "size": 80
    },
    "m1/W5_1st:0": {
        "_type": "numpy.ndarray",
        "var": 0.022346632555127144,
        "mean": -0.0016095925820991397,
        "min": -0.2706765830516815,
        "max": 0.26792240142822266,
        "10%": -0.2138355255126953,
        "25%": -0.12823211774230003,
        "75%": 0.12787194922566414,
        "90%": 0.1969262093305588,
        "size": 480
    },
    "m1/Variable_4:0": [
        0.29598918557167053,
        -1.0797752141952515,
        -0.5502747297286987,
        0.816331148147583,
        -1.8041925430297852,
        -0.09473386406898499
    ],
    "m1/W1_2nd:0": {
        "_type": "numpy.ndarray",
        "var": 0.04724186286330223,
        "mean": -0.011418463662266731,
        "min": -0.3585454225540161,
        "max": 0.36027291417121887,
        "10%": -0.2999159246683121,
        "25%": -0.21842176094651222,
        "75%": 0.16600537300109863,
        "90%": 0.29579072594642636,
        "size": 240
    },
    "m1_1/Variable:0": {
        "_type": "numpy.ndarray",
        "var": 1.0779383182525635,
        "mean": 0.3533208966255188,
        "min": -1.8734456300735474,
        "max": 3.1129393577575684,
        "10%": -0.6826507627964019,
        "25%": -0.3099220097064972,
        "75%": 0.8569219559431076,
        "90%": 1.7190850019454957,
        "size": 40
    },
    "m1/W2_2nd:0": {
        "_type": "numpy.ndarray",
        "var": 0.024906637147068977,
        "mean": 0.006895700003951788,
        "min": -0.27362602949142456,
        "max": 0.2736753225326538,
        "10%": -0.21031086891889572,
        "25%": -0.1304687261581421,
        "75%": 0.14419955015182495,
        "90%": 0.22450930178165437,